﻿<?xml version="1.0" encoding="utf-8" ?>
<Defs>
  
  <!--=================== Deaths ===================-->

  <ThoughtDef ParentName="DeathMemory">
    <defName>FimmKnowColonistExecuted</defName>
    <durationDays>6</durationDays>
    <stackLimit>5</stackLimit>
    <nullifyingTraits>
      <li>Psychopath</li>
    </nullifyingTraits>
    <stages>
      <li>
        <label>justified execution of colonist</label>
        <description>Justice has been done.</description>
        <baseMoodEffect>10</baseMoodEffect>
      </li>
      <li>
        <label>colonist euthanized</label>
        <!-- generic humane, can't be worse than KnowColonistDied -->
        <description>Your will be done.</description>
        <baseMoodEffect>3</baseMoodEffect>
      </li>
      <li>
        <label>colonist executed</label>
        <!-- generic brutal -->
        <description>We send you this one.</description>
        <baseMoodEffect>3</baseMoodEffect>
      </li>
      <li>
        <label>colonist organ-harvested</label>
        <!-- died because of organ harvesting -->
        <description>A soul for flesh.</description>
        <baseMoodEffect>3</baseMoodEffect>
      </li>
    </stages>
  </ThoughtDef>

  <ThoughtDef ParentName="DeathMemory">
    <defName>FimmBondedAnimalDied</defName>
    <showBubble>true</showBubble>
    <durationDays>20</durationDays>
    <stackLimit>5</stackLimit>
    <stackLimitForSameOtherPawn>1</stackLimitForSameOtherPawn>
    <nullifyingTraits>
      <li>Psychopath</li>
    </nullifyingTraits>
    <stages>
      <li>
        <label>bonded animal {0} died</label>
        <description>My pet is dead.</description>
        <baseMoodEffect>-8</baseMoodEffect>
      </li>
    </stages>
  </ThoughtDef>

  <ThoughtDef ParentName="DeathMemory">
    <defName>FimmPawnWithGoodOpinionDied</defName>
    <durationDays>20</durationDays>
    <stackLimit>5</stackLimit>
    <stackLimitForSameOtherPawn>1</stackLimitForSameOtherPawn>
    <nullifyingTraits>
      <li>Psychopath</li>
    </nullifyingTraits>
    <stages>
      <li>
        <label>my friend {0} died</label>
        <description>May you serve the Gods from the beyond.</description>
        <baseMoodEffect>-5</baseMoodEffect>
      </li>
    </stages>
  </ThoughtDef>

  <ThoughtDef ParentName="DeathMemory">
    <defName>FimmPawnWithBadOpinionDied</defName>
    <durationDays>10</durationDays>
    <stackLimit>5</stackLimit>
    <stackLimitForSameOtherPawn>1</stackLimitForSameOtherPawn>
    <stages>
      <li>
        <label>my rival {0} died</label>
        <description>May they Gods toy with you.</description>
        <baseMoodEffect>10</baseMoodEffect>
      </li>
    </stages>
  </ThoughtDef>

  <ThoughtDef ParentName="DeathMemoryFamily">
    <defName>FimmMyDaughterDied</defName>
    <stages>
      <li>
        <label>my daughter {0} died</label>
        <description>No! The Gods blessing has been stolen!</description>
        <baseMoodEffect>-30</baseMoodEffect>
      </li>
    </stages>
  </ThoughtDef>

  <ThoughtDef ParentName="DeathMemoryFamily">
    <defName>FimmMyHusbandDied</defName>
    <stages>
      <li>
        <label>my husband {0} died</label>
        <description>To the Gods.</description>
        <baseMoodEffect>-10</baseMoodEffect>
      </li>
    </stages>
  </ThoughtDef>

  <ThoughtDef ParentName="DeathMemoryFamily">
    <defName>FimmMyWifeDied</defName>
    <stages>
      <li>
        <label>my wife {0} died</label>
        <description>My blessing my Matron, gone.</description>
        <baseMoodEffect>-30</baseMoodEffect>
      </li>
    </stages>
  </ThoughtDef>

  <ThoughtDef ParentName="DeathMemoryFamily">
    <defName>FimmMyFianceDied</defName>
    <stages>
      <li>
        <label>my fiance {0} died</label>
        <description>To the Gods.</description>
        <baseMoodEffect>-5</baseMoodEffect>
      </li>
    </stages>
  </ThoughtDef>

  <ThoughtDef ParentName="DeathMemoryFamily">
    <defName>FimmMyFianceeDied</defName>
    <stages>
      <li>
        <label>my fiancée {0} died</label>
        <description>My own blessing to be, gone.</description>
        <baseMoodEffect>-30</baseMoodEffect>
      </li>
    </stages>
  </ThoughtDef>

  <ThoughtDef ParentName="DeathMemoryFamily">
    <defName>FimmMyLoverDied</defName>
    <stages>
      <li>
        <label>my lover {0} died</label>
        <description>To the Gods.</description>
        <baseMoodEffect>-5</baseMoodEffect>
      </li>
    </stages>
  </ThoughtDef>

  <ThoughtDef ParentName="DeathMemoryFamily">
    <defName>FimmMySisterDied</defName>
    <stages>
      <li>
        <label>my sister {0} died</label>
        <description>My sister died, a blessing gone from the clan.</description>
        <baseMoodEffect>-20</baseMoodEffect>
      </li>
    </stages>
  </ThoughtDef>

  <ThoughtDef ParentName="DeathMemoryFamily">
    <defName>FimmMyMotherDied</defName>
    <stages>
      <li>
        <label>my mother {0} died</label>
        <description>A true matron is gone.</description>
        <baseMoodEffect>-30</baseMoodEffect>
      </li>
    </stages>
  </ThoughtDef>

  <ThoughtDef ParentName="DeathMemoryFamily">
    <defName>FimmMyNieceDied</defName>
    <stages>
      <li>
        <label>my niece {0} died</label>
        <description>A blessing is lost.</description>
        <baseMoodEffect>-20</baseMoodEffect>
      </li>
    </stages>
  </ThoughtDef>

  <ThoughtDef ParentName="DeathMemoryFamily">
    <defName>FimmMyAuntDied</defName>
    <stages>
      <li>
        <label>my aunt {0} died</label>
        <description>A blessing has been lost.</description>
        <baseMoodEffect>-20</baseMoodEffect>
      </li>
    </stages>
  </ThoughtDef>

  <!--=================== Gatherings ===================-->

  <ThoughtDef>
    <defName>FimmGotMarried</defName>
    <durationDays>30.0</durationDays>
    <stackLimit>1</stackLimit>
    <stages>
      <li>
        <label>got married to {0}</label>
        <description>The Gods have blessed me, what a joyous occasion.</description>
        <baseMoodEffect>40</baseMoodEffect>
      </li>
    </stages>
  </ThoughtDef>

  <ThoughtDef>
    <defName>FimmAttendedWedding</defName>
    <durationDays>10.0</durationDays>
    <stackLimit>10</stackLimit>
    <stages>
      <li>
        <label>attended wedding</label>
        <description>Blessings by the Gods.</description>
        <baseMoodEffect>10</baseMoodEffect>
      </li>
    </stages>
  </ThoughtDef>

  <!--=================== Misc ===================-->

  <ThoughtDef>
    <defName>FimmMyOrganHarvested</defName>
    <durationDays>8</durationDays>
    <stackLimit>5</stackLimit>
    <stages>
      <li>
        <label>my organ harvested</label>
        <description>My flesh and blood.</description>
        <baseMoodEffect>-20</baseMoodEffect>
      </li>
    </stages>
  </ThoughtDef>

  <ThoughtDef>
    <defName>FimmKnowBuriedInSarcophagus</defName>
    <durationDays>1</durationDays>
    <stackLimit>10</stackLimit>
    <stages>
      <li>
        <label>buried in sarcophagus</label>
        <description>In honour of thee!</description>
        <baseMoodEffect>8</baseMoodEffect>
      </li>
    </stages>
  </ThoughtDef>

  <ThoughtDef>
    <defName>FimmWitnessedDeathAlly</defName>
    <icon>Things/Mote/ThoughtSymbol/Skull</icon>
    <showBubble>true</showBubble>
    <durationDays>1</durationDays>
    <stackLimit>5</stackLimit>
    <nullifyingTraits>
      <li>Psychopath</li>
    </nullifyingTraits>
    <stages>
      <li>
        <label>witnessed ally's death</label>
        <description>To the Gods with you.</description>
        <baseMoodEffect>-3</baseMoodEffect>
      </li>
    </stages>
  </ThoughtDef>

  <!--=================== Social ===================-->
  
  <ThoughtDef>
    <defName>FimmInsultedMood</defName>
    <durationDays>2</durationDays>
    <stackLimit>10</stackLimit>
    <stackedEffectMultiplier>0.9</stackedEffectMultiplier>
    <stages>
      <li>
        <label>insulted</label>
        <description>I've been insulted!</description>
        <baseMoodEffect>-5</baseMoodEffect>
      </li>
    </stages>
  </ThoughtDef>
  
  <ThoughtDef>
    <defName>FimmKindWordsMood</defName>
    <durationDays>2</durationDays>
    <stackLimit>10</stackLimit>
    <stackedEffectMultiplier>0.9</stackedEffectMultiplier>
    <stages>
      <li>
        <label>kind words</label>
        <description>Yes! I'm great!</description>
        <baseMoodEffect>5</baseMoodEffect>
      </li>
    </stages>
  </ThoughtDef>

  <ThoughtDef>
    <defName>FimmDivorcedMeMood</defName>
    <durationDays>30.0</durationDays>
    <stackLimit>10</stackLimit>
    <stages>
      <li>
        <label>divorced by {0}</label>
        <description>I had my chance.</description>
        <baseMoodEffect>-10</baseMoodEffect>
      </li>
    </stages>
  </ThoughtDef>

  <!--=================== General ===================-->

  <!--===================
  <ThoughtDef>
    <defName>FimmApparelDamaged</defName>
    <workerClass>ThoughtWorker_ApparelDamaged</workerClass>
    <validWhileDespawned>true</validWhileDespawned>
    <stages>
      <li>
        <label>ratty apparel</label>
        <description>A bit tattered, but I can live with it.</description>
        <baseMoodEffect>-1</baseMoodEffect>
      </li>
      <li>
        <label>tattered apparel</label>
        <description>Some new clothes would be good.</description>
        <baseMoodEffect>-3</baseMoodEffect>
      </li>
    </stages>
  </ThoughtDef>
  ===================-->

  <!--=================== Special ===================-->

  <ThoughtDef>
    <defName>FimmAurora</defName>
    <workerClass>ThoughtWorker_Aurora</workerClass>
    <gameCondition>Aurora</gameCondition>
    <stages>
      <li>
        <label>beautiful aurora</label>
        <description>Sign form the Gods?.</description>
        <baseMoodEffect>14</baseMoodEffect>
      </li>
    </stages>
  </ThoughtDef>

  
</Defs>
