﻿<?xml version="1.0" encoding="utf-8" ?>
<Defs>
  
  <!--=================== Deaths ===================-->

  <ThoughtDef ParentName="DeathMemoryFamily">
    <defName>MearghMyDaughterDied</defName>
    <stages>
      <li>
        <label>my daughter {0} died</label>
        <description>You are not to replace me.</description>
        <baseMoodEffect>25</baseMoodEffect>
      </li>
    </stages>
  </ThoughtDef>

  <ThoughtDef ParentName="DeathMemoryFamily">
    <defName>MearghMyHusbandDied</defName>
    <stages>
      <li>
        <label>my husband {0} died</label>
        <description>To the Gods with you.</description>
        <baseMoodEffect>-5</baseMoodEffect>
      </li>
    </stages>
  </ThoughtDef>

  <ThoughtDef ParentName="DeathMemoryFamily">
    <defName>MearghMyWifeDied</defName>
    <stages>
      <li>
        <label>my wife {0} died</label>
        <description>To the Gods with you.</description>
        <baseMoodEffect>-5</baseMoodEffect>
      </li>
    </stages>
  </ThoughtDef>

  <ThoughtDef ParentName="DeathMemoryFamily">
    <defName>MearghMyFianceeDied</defName>
    <stages>
      <li>
        <label>my fiancée {0} died</label>
        <description>To the Gods.</description>
        <baseMoodEffect>-5</baseMoodEffect>
      </li>
    </stages>
  </ThoughtDef>

  <ThoughtDef ParentName="DeathMemoryFamily">
    <defName>MearghMySisterDied</defName>
    <stages>
      <li>
        <label>my sister {0} died</label>
        <description>So long sister.</description>
        <baseMoodEffect>25</baseMoodEffect>
      </li>
    </stages>
  </ThoughtDef>

  <ThoughtDef ParentName="DeathMemoryFamily">
    <defName>MearghMyMotherDied</defName>
    <stages>
      <li>
        <label>my mother {0} died</label>
        <description>Succeeding you, mother.</description>
        <baseMoodEffect>30</baseMoodEffect>
      </li>
    </stages>
  </ThoughtDef>

  <ThoughtDef ParentName="DeathMemoryFamily">
    <defName>MearghMyNieceDied</defName>
    <stages>
      <li>
        <label>my niece {0} died</label>
        <description>A relief.</description>
        <baseMoodEffect>20</baseMoodEffect>
      </li>
    </stages>
  </ThoughtDef>

  <ThoughtDef ParentName="DeathMemoryFamily">
    <defName>MearghMyAuntDied</defName>
    <stages>
      <li>
        <label>my aunt {0} died</label>
        <description>A relief.</description>
        <baseMoodEffect>20</baseMoodEffect>
      </li>
    </stages>
  </ThoughtDef>

  <!--=================== Gatherings ===================-->

  <ThoughtDef>
    <defName>MearghGotMarried</defName>
    <durationDays>30.0</durationDays>
    <stackLimit>1</stackLimit>
    <stages>
      <li>
        <label>got married to {0}</label>
        <description>I'm sated with this one, for now.</description>
        <baseMoodEffect>20</baseMoodEffect>
      </li>
    </stages>
  </ThoughtDef>

  <ThoughtDef>
    <defName>MearghAttendedWedding</defName>
    <durationDays>10.0</durationDays>
    <stackLimit>10</stackLimit>
    <stages>
      <li>
        <label>attended wedding</label>
        <description>Don't forget your place.</description>
        <baseMoodEffect>5</baseMoodEffect>
      </li>
    </stages>
  </ThoughtDef>

  <!--=================== Misc ===================-->

  <ThoughtDef>
    <defName>MearghMyOrganHarvested</defName>
    <durationDays>8</durationDays>
    <stackLimit>5</stackLimit>
    <stages>
      <li>
        <label>my organ harvested</label>
        <description>You dare take my flesh.</description>
        <baseMoodEffect>-40</baseMoodEffect>
      </li>
    </stages>
  </ThoughtDef>

  <!--=================== Social ===================-->
  
  <ThoughtDef>
    <defName>MearghInsultedMood</defName>
    <durationDays>2</durationDays>
    <stackLimit>10</stackLimit>
    <stackedEffectMultiplier>0.9</stackedEffectMultiplier>
    <stages>
      <li>
        <label>insulted</label>
        <description>You, how dare you!</description>
        <baseMoodEffect>-10</baseMoodEffect>
      </li>
    </stages>
  </ThoughtDef>
  
  <ThoughtDef>
    <defName>MearghKindWordsMood</defName>
    <durationDays>2</durationDays>
    <stackLimit>10</stackLimit>
    <stackedEffectMultiplier>0.9</stackedEffectMultiplier>
    <stages>
      <li>
        <label>kind words</label>
        <description>Praise me more!</description>
        <baseMoodEffect>5</baseMoodEffect>
      </li>
    </stages>
  </ThoughtDef>

  <ThoughtDef>
    <defName>MearghDivorcedMeMood</defName>
    <durationDays>30.0</durationDays>
    <stackLimit>10</stackLimit>
    <stages>
      <li>
        <label>divorced by {0}</label>
        <description>Move along.</description>
        <baseMoodEffect>0</baseMoodEffect>
      </li>
    </stages>
  </ThoughtDef>

  <!--=================== General ===================-->

  <!--===================
  <ThoughtDef>
    <defName>MearghApparelDamaged</defName>
    <workerClass>ThoughtWorker_ApparelDamaged</workerClass>
    <validWhileDespawned>true</validWhileDespawned>
    <stages>
      <li>
        <label>ratty apparel</label>
        <description>For me to wear these rags.</description>
        <baseMoodEffect>-3</baseMoodEffect>
      </li>
      <li>
        <label>tattered apparel</label>
        <description>This is a disgrace! I deserve better.</description>
        <baseMoodEffect>-8</baseMoodEffect>
      </li>
    </stages>
  </ThoughtDef>
  ===================-->

  <ThoughtDef>
    <defName>MearghSleepDisturbed</defName>
    <icon>Things/Mote/ThoughtSymbol/SleepZ</icon>
    <showBubble>true</showBubble>
    <durationDays>1</durationDays>
    <stackLimit>3</stackLimit>
    <stackedEffectMultiplier>1</stackedEffectMultiplier>
    <stages>
      <li>
        <label>disturbed sleep</label>
        <description>They disturb my rest.</description>
        <baseMoodEffect>-5</baseMoodEffect>
      </li>
    </stages>
  </ThoughtDef>

</Defs>
