<?xml version="1.0" encoding="utf-8" ?>
<Defs>

  <PawnKindDef ParentName="FimirBaseFaction">
    <defName>MearghLow</defName>
    <label>Advisor</label>
    <race>Alien_Meargh</race>
    <defaultFactionType>FimirFaction</defaultFactionType>
    <baseRecruitDifficulty>0.9</baseRecruitDifficulty>
    <minGenerationAge>30</minGenerationAge>
    <maxGenerationAge>90</maxGenerationAge>
    <combatPower>110</combatPower>
    <backstoryCategories>
      <li>FimirMeargh</li>
    </backstoryCategories>
    <apparelMoney>
      <min>400</min>
      <max>1000</max>
    </apparelMoney>
    <apparelTags>
      <li>MearghMid</li>
    </apparelTags>
    <weaponMoney>
      <min>800</min>
      <max>1000</max>
    </weaponMoney>
    <weaponTags>
      <li>MearghMid</li>
    </weaponTags>
  </PawnKindDef>

  <PawnKindDef ParentName="FimirBaseFaction">
    <defName>MearghHigh</defName>
    <label>Matron</label>
    <race>Alien_Meargh</race>
    <factionLeader>true</factionLeader>
    <defaultFactionType>FimirFaction</defaultFactionType>
    <baseRecruitDifficulty>0.99</baseRecruitDifficulty>
    <minGenerationAge>30</minGenerationAge>
    <maxGenerationAge>90</maxGenerationAge>
    <combatPower>130</combatPower>
    <backstoryCategories>
      <li>FimirMearghLeader</li>
    </backstoryCategories>
    <apparelMoney>
      <min>450</min>
      <max>750</max>
    </apparelMoney>
    <apparelTags>
      <li>MearghHigh</li>
    </apparelTags>
    <weaponMoney>
      <min>800</min>
      <max>1000</max>
    </weaponMoney>
    <weaponTags>
      <li>MearghHigh</li>
    </weaponTags>
  </PawnKindDef>
  
</Defs>
