﻿<?xml version="1.0" encoding="utf-8" ?>
<Defs>

  <!-- ================ Player Scenario - Fimir ========================== -->

  <PawnKindDef>
    <defName>FimirPlayerShearl</defName>
    <race>Alien_Shearl</race>
    <label>thrall</label>
    <combatPower>35</combatPower>
    <minGenerationAge>20</minGenerationAge>
    <maxGenerationAge>50</maxGenerationAge>
    <backstoryCategories>
      <li>FimirShearl</li>
    </backstoryCategories>
    <apparelMoney>
      <min>0</min>
      <max>0</max>
    </apparelMoney>
    <weaponTags>
      <li>NeolithicMeleeBasic</li>
    </weaponTags>
    <weaponMoney>
      <min>80</min>
      <max>120</max>
    </weaponMoney>
  </PawnKindDef>

  <PawnKindDef>
    <defName>FimirPlayerFimm</defName>
    <race>Alien_Fimm</race>
    <label>warrior</label>
    <combatPower>50</combatPower>
    <backstoryCategories>
      <li>FimirFimm</li>
    </backstoryCategories>
    <apparelTags>
      <li>FimmLow</li>
    </apparelTags>
    <gearHealthRange>
      <min>0.5</min>
      <max>1.0</max>
    </gearHealthRange>
    <apparelMoney>
      <min>100</min>
      <max>300</max>
    </apparelMoney>
    <weaponMoney>
      <min>120</min>
      <max>400</max>
    </weaponMoney>
    <weaponTags>
      <li>MedievalMeleeBasic</li>
    </weaponTags>
  </PawnKindDef>

  <PawnKindDef>
    <defName>FimirPlayerDirach</defName>
    <race>Alien_Dirach</race>
    <combatPower>60</combatPower>
    <minGenerationAge>20</minGenerationAge>
    <maxGenerationAge>50</maxGenerationAge>
    <label>magi</label>
    <backstoryCategories>
      <li>FimirDirach</li>
    </backstoryCategories>
    <apparelTags>
      <li>FimmLow</li>
    </apparelTags>
    <apparelMoney>
      <min>100</min>
      <max>200</max>
    </apparelMoney>
    <weaponTags>
      <li>FimmMid</li>
    </weaponTags>
    <weaponMoney>
      <min>300</min>
      <max>500</max>
    </weaponMoney>
  </PawnKindDef>


  <PawnKindDef>
    <defName>FimirPlayerMeargh</defName>
    <race>Alien_Meargh</race>
    <combatPower>70</combatPower>
    <minGenerationAge>20</minGenerationAge>
    <maxGenerationAge>50</maxGenerationAge>
    <label>matron</label>
    <backstoryCategories>
      <li>FimirMeargh</li>
      <li>FimirMearghLeader</li>
    </backstoryCategories>
    <apparelTags>
      <li>MearghLow</li>
    </apparelTags>
    <apparelMoney>
      <min>100</min>
      <max>300</max>
    </apparelMoney>
    <weaponTags>
      <li>MearghHigh</li>
    </weaponTags>
    <weaponMoney>
      <min>600</min>
      <max>800</max>
    </weaponMoney>
  </PawnKindDef>
  
</Defs>