<?xml version="1.0" encoding="utf-8" ?>
<Defs>

  <PawnKindDef Name="FimirBaseFaction" Abstract="True">
    <defaultFactionType>FimirFaction</defaultFactionType>
    <combatPower>30</combatPower>
    <baseRecruitDifficulty>0.6</baseRecruitDifficulty>
    <invNutrition>1.0</invNutrition>
    <invFoodDef>Pemmican</invFoodDef>
    <apparelIgnoreSeasons>true</apparelIgnoreSeasons>
  </PawnKindDef>

  <PawnKindDef ParentName="FimirBaseFaction">
    <defName>FimmLow</defName>
    <label>Raider</label>
    <race>Alien_Fimm</race>
    <defaultFactionType>FimirFaction</defaultFactionType>
    <baseRecruitDifficulty>0.7</baseRecruitDifficulty>
    <minGenerationAge>20</minGenerationAge>
    <maxGenerationAge>50</maxGenerationAge>
    <combatPower>60</combatPower>
    <canBeSapper>true</canBeSapper>
    <backstoryFiltersOverride>
      <li>
        <categories>
          <li>FimirFimm</li>
        </categories>
      </li>
    </backstoryFiltersOverride>
    <gearHealthRange>
      <min>0.5</min>
      <max>1.8</max>
    </gearHealthRange>
    <apparelMoney>
      <min>200</min>
      <max>400</max>
    </apparelMoney>
    <apparelTags>
      <li>FimmLow</li>
    </apparelTags>
    <weaponMoney>
      <min>300</min>
      <max>500</max>
    </weaponMoney>
    <weaponTags>
      <li>MedievalMeleeDecent</li>
      <li>FimmLow</li>
    </weaponTags>
    <initialWillRange>2~4</initialWillRange>
    <initialResistanceRange>13~20</initialResistanceRange>
  </PawnKindDef>

  <PawnKindDef ParentName="FimirBaseFaction">
    <defName>FimmMid</defName>
    <label>Warrior</label>
    <race>Alien_Fimm</race>
    <defaultFactionType>FimirFaction</defaultFactionType>
    <baseRecruitDifficulty>0.7</baseRecruitDifficulty>
    <combatPower>90</combatPower>
    <minGenerationAge>20</minGenerationAge>
    <maxGenerationAge>50</maxGenerationAge>
    <backstoryFiltersOverride>
      <li>
        <categories>
          <li>FimirFimm</li>
        </categories>
      </li>
    </backstoryFiltersOverride>
    <apparelMoney>
      <min>500</min>
      <max>750</max>
    </apparelMoney>
    <apparelTags>
      <li>FimmMid</li>
    </apparelTags>
    <weaponMoney>
      <min>400</min>
      <max>600</max>
    </weaponMoney>
    <weaponTags>
      <li>FimmMid</li>
    </weaponTags>
    <inventoryOptions>
      <skipChance>0.75</skipChance>
      <subOptionsChooseOne>
        <li>
          <thingDef>FimirBogBrew</thingDef>
          <countRange>
            <min>1</min>
            <max>2</max>
          </countRange>
        </li>
      </subOptionsChooseOne>
    </inventoryOptions>
    <initialWillRange>3~5</initialWillRange>
    <initialResistanceRange>19~30</initialResistanceRange>
  </PawnKindDef>

  <PawnKindDef ParentName="FimirBaseFaction">
    <defName>FimmHigh</defName>
    <label>Noble</label>
    <race>Alien_Fimm</race>
    <defaultFactionType>FimirFaction</defaultFactionType>
    <baseRecruitDifficulty>0.9</baseRecruitDifficulty>
    <combatPower>130</combatPower>
    <minGenerationAge>20</minGenerationAge>
    <maxGenerationAge>50</maxGenerationAge>
    <backstoryFiltersOverride>
      <li>
        <categories>
          <li>FimirFimmNoble</li>
        </categories>
      </li>
    </backstoryFiltersOverride>
    <apparelMoney>
      <min>450</min>
      <max>750</max>
    </apparelMoney>
    <apparelTags>
      <li>FimmHigh</li>
    </apparelTags>
    <weaponMoney>
      <min>500</min>
      <max>1000</max>
    </weaponMoney>
    <weaponTags>
      <li>FimmHigh</li>
    </weaponTags>
    <inventoryOptions>
      <skipChance>0.75</skipChance>
      <subOptionsChooseOne>
        <li>
          <thingDef>FimirBogBrew</thingDef>
          <countRange>
            <min>1</min>
            <max>2</max>
          </countRange>
        </li>
      </subOptionsChooseOne>
    </inventoryOptions>
    <initialWillRange>3~5</initialWillRange>
    <initialResistanceRange>19~30</initialResistanceRange>
  </PawnKindDef>

  <PawnKindDef ParentName="FimirBaseFaction">
    <defName>FimmHousecarl</defName>
    <label>Housecarl</label>
    <race>Alien_Fimm</race>
    <defaultFactionType>FimirFaction</defaultFactionType>
    <baseRecruitDifficulty>0.9</baseRecruitDifficulty>
    <combatPower>130</combatPower>
    <minGenerationAge>20</minGenerationAge>
    <maxGenerationAge>50</maxGenerationAge>
    <backstoryFiltersOverride>
      <li>
        <categories>
          <li>FimirFimmGuard</li>
        </categories>
      </li>
    </backstoryFiltersOverride>
    <apparelMoney>
      <min>450</min>
      <max>750</max>
    </apparelMoney>
    <apparelTags>
      <li>FimmHigh</li>
    </apparelTags>
    <weaponMoney>
      <min>500</min>
      <max>1000</max>
    </weaponMoney>
    <weaponTags>
      <li>FimmHigh</li>
    </weaponTags>
    <inventoryOptions>
      <skipChance>0.75</skipChance>
      <subOptionsChooseOne>
        <li>
          <thingDef>FimirBogBrew</thingDef>
          <countRange>
            <min>1</min>
            <max>2</max>
          </countRange>
        </li>
      </subOptionsChooseOne>
    </inventoryOptions>
    <initialWillRange>3~5</initialWillRange>
    <initialResistanceRange>38~58</initialResistanceRange>
  </PawnKindDef>
  
</Defs>
