<?xml version="1.0" encoding="utf-8" ?>
<Defs>

  <!-- Category: None -->

  <MemeDef>
    <defName MayRequire="Ludeon.RimWorld.Ideology">KTFimirChaosMeme</defName>
    <label>Old ways</label>
    <description>We are of the warp. Forgotten in the harsh lands, overshaded by the newcomers.</description>
    <iconPath>Things/World/FimirIdeoA</iconPath>
    <groupDef MayRequire="Ludeon.RimWorld.Ideology">Misc</groupDef>
    <impact>3</impact>
    <renderOrder>999</renderOrder>
    <consumableBuildings>
    <li MayRequire="Ludeon.RimWorld.Ideology">Effigy</li>
    </consumableBuildings>
    <requireOne>
      <li>
        <li MayRequire="Ludeon.RimWorld.Ideology">Darklight_Preferred</li>
      </li>
      <li>
        <li MayRequire="Ludeon.RimWorld.Ideology">DarknessCombat_Preferred</li>
      </li>
      <li>
      <li MayRequire="Ludeon.RimWorld.Ideology">Execution_Required</li>
      </li>
      <li>
      <li MayRequire="Ludeon.RimWorld.Ideology">Apostasy_Horrible</li>
      </li>
      <li>
      <li MayRequire="Ludeon.RimWorld.Ideology">Cannibalism_Acceptable</li>
      </li>
      <li>
      <li MayRequire="Ludeon.RimWorld.Ideology">Corpses_DontCare</li>
      </li>
      <li>
      <li MayRequire="Ludeon.RimWorld.Ideology">IdeoDiversity_Horrible</li>
      </li>
      <li>
      <li MayRequire="Ludeon.RimWorld.Ideology">Lovin_Free</li>
      </li>
      <li>
      <li MayRequire="Ludeon.RimWorld.Ideology">Nudity_Male_NoRules</li>
      </li>
      <li>
      <li MayRequire="Ludeon.RimWorld.Ideology">Nudity_Female_NoRules</li>
      </li>
      <li>
      <li MayRequire="Ludeon.RimWorld.Ideology">OrganUse_Acceptable</li>
      </li>
      <li>
      <li MayRequire="Ludeon.RimWorld.Ideology">Scarification_Minor</li>
      </li>
      <li>
      <li MayRequire="Ludeon.RimWorld.Ideology">Slavery_Honorable</li>
      </li>
      <li>
      <li MayRequire="Ludeon.RimWorld.Ideology">SpouseCount_Female_Unlimited</li>
      </li>
      <li>
      <li MayRequire="Ludeon.RimWorld.Ideology">RoughLiving_Welcomed</li>
      </li>
      <li>
      <li MayRequire="Ludeon.RimWorld.Ideology">Skullspike_Desired</li>
      </li>
      <li>
      <li MayRequire="Ludeon.RimWorld.Ideology">Temperature_Tough</li>
      </li>
      <li>
        <li MayRequire="Ludeon.RimWorld.Ideology">HAR_EatingAliens_Acceptable</li>
      </li>
      <li>
        <li MayRequire="Ludeon.RimWorld.Ideology">HAR_AlienSlavery_Honorable</li>
      </li>
      <li>
        <li MayRequire="Ludeon.RimWorld.Ideology">HAR_AlienRaces_Standard</li>
      </li>
    </requireOne>
    <generalRules>
      <rulesStrings>
        <li>memeAdjective->dark</li>
        <li>memeAdjective->monster</li>
        <li>memeAdjective->devil</li>
        <li>memeCreed->old</li>
        <li>memeCreed->clan</li>
        <li>memeConcept->monster</li>
        <li>memeLeaderNoun->witch</li>
        <li>memeLeaderAdjective->wise</li>
        <li>memeMoralist->herald</li>
        <li>memeMoralist->seer</li>
        <li>memeMoralist->shaman</li>
        <li>memeAdjective->old</li>
        <li>memeAdjective->forgotten</li>
        <li>memeConcept->clan</li>
        <li>memeConcept->chaos</li>
        <li>memeConcept->tradition</li>
        <li>memeConcept->hold</li>
      </rulesStrings>
    </generalRules>
    <descriptionMaker>
      <rules>
        <rulesStrings>
          <!-- theist myth -->
          <li>creation(tag=meme_KTFimirChaos)        ->[deity0_name] moulded them from the warp.</li>
          <li>episode(uses=1,tag=meme_KTFimirChaos)  ->[deity0_name] brought the faithful, to the [place_summary] [place_name], the clans took hold.</li>
          <!-- theist founder -->
          <li>intro(tag=meme_KTFimirChaos)           ->[deity0_name] blessed the [place_summary] [place_name], for this was now the grounds for the devils.</li>
          <li>conflict(tag=meme_KTFimirChaos)        ->Others arrived, they built and foraged on the land nearby, and [founderName] saw [deity0_name] turn to them.</li>
          <li>founderJoin(tag=meme_KTFimirChaos)     ->[deity0_name] had called [founderName]'s clan to uphold traditions.</li>
          <li>founderJoin(tag=meme_KTFimirChaos)     ->As the other people kept building and expanding, [founderName] looked upon in it hate and jelousy.</li>
          <li>victory(tag=meme_KTFimirChaos)         ->[founderName] called to the clans, even though [deity0_name]'s interest vained, traditions had to be kept.</li>
          <!-- ideological founder -->
          <li>setup(tag=meme_KTFimirChaos)           ->[founderName] lived at the holy ground of [deity0_name], and was tasked with upholding the creed.</li>
          <li>story(uses=1,tag=meme_KTFimirChaos)    ->[founderName] raised dark stones around the land to commune with [deity0_name].</li>
          <!-- ideological lesson -->
          <li>lessonIntro(tag=meme_KTFimirChaos)         ->I used to hear the words of [deity0_name].</li>
          <li>lesson(tag=meme_KTFimirChaos)              ->We are forgotten, the gods lost their interest with us.</li>
          <li>lessonReinforcement(tag=meme_KTFimirChaos) ->We were once the chosen of [deity0_name], and we shall be it once more.</li>
          <!-- archist -->
          <li>archistBasis(tag=meme_KTFimirChaos)    ->Since archotechs awoke, the words of [deity0_name] has once again been heard.</li>
          <li>archistFact(tag=meme_KTFimirChaos)     ->Archotechs have a connection to the warp.</li>
          <li>archistProphecy(tag=meme_KTFimirChaos) ->[inTheEnd], archotechs shall open the way for the warp.</li>
          <!-- animist -->
          <li>animistBasis(tag=meme_KTFimirChaos)    ->We are creatures of the warp, human morality holds no sway.</li>
          <li>animistFact(tag=meme_KTFimirChaos)     ->The warp is ever present.</li>

        </rulesStrings>
      </rules>
    </descriptionMaker>
    <symbolPacks>
      <li>
        <ideoName>Painism</ideoName>
        <theme>pain</theme>
        <adjective>painist</adjective>
        <member>screamer</member>
      </li>
      <li>
        <ideoName>Torturism</ideoName>
        <theme>torture</theme>
        <adjective>torturistic</adjective>
        <member>torturist</member>
      </li>
      <li>
        <ideoName>Sufferism</ideoName>
        <theme>suffering</theme>
        <adjective>sufferist</adjective>
        <member>sufferer</member>
      </li>
      <li>
        <ideoName>Agonism</ideoName>
        <theme>agony</theme>
        <adjective>agonist</adjective>
        <member>agonist</member>
      </li>
    </symbolPacks>
    <thingStyleCategories>
      <li MayRequire="Ludeon.RimWorld.Ideology">
        <category>Totemic</category>
        <priority>1</priority>
      </li>
    </thingStyleCategories>
    <ritualsToMake>1</ritualsToMake>
    <replaceRitualsWithTags>
    <li MayRequire="Ludeon.RimWorld.Ideology">CelebratedDate</li>
    </replaceRitualsWithTags>
    <replacementPatterns>
    <li MayRequire="Ludeon.RimWorld.Ideology">SacrificePrisoner</li>
    <li MayRequire="Ludeon.RimWorld.Ideology">SacrificeAnimal</li></replacementPatterns>
    <requiredRituals>
      <li MayRequire="Ludeon.RimWorld.Ideology">
        <precept>ScarificationCeremony</precept>
        <pattern>ScarificationCeremony</pattern>
      </li>
      <li MayRequire="Ludeon.RimWorld.Ideology">
        <precept>Execution</precept>
        <pattern>Execution</pattern>
      </li>
      <li MayRequire="Ludeon.RimWorld.Ideology">
        <precept>GladiatorDuel</precept>
        <pattern>GladiatorDuel</pattern>
      </li>
    </requiredRituals>
    <styleItemTags>
      <li>
        <tag>NoBeard</tag>
        <baseWeight>0.5</baseWeight>
        <weightFactor>1</weightFactor>
      </li>
    </styleItemTags>
  </MemeDef>


</Defs>
