﻿<?xml version="1.0" encoding="utf-8" ?>

<Defs>

  <FactionDef>
		<defName>FimirPlayerFaction</defName>
		<label>Fimir clan</label>
    <description>A Fimir clan.</description>
    <isPlayer>true</isPlayer>
    <pawnSingular>clan member</pawnSingular>
    <pawnsPlural>clan members</pawnsPlural>
    <backstoryFilters>
      <li>
        <categories>
          <li>FimirShearl</li>
          <li>FimirMeargh</li>
          <li>FimirMearghLeader</li>
          <li>FimirFimm</li>
          <li>FimirFimmNoble</li>
          <li>FimirFimmGuard</li>
          <li>FimirDirach</li>
        </categories>
      </li>
    </backstoryFilters>
    <factionIconPath>Things/World/FimirIconSecond</factionIconPath>
    <settlementTexturePath>World/WorldObjects/Expanding/Town</settlementTexturePath>
    <colorSpectrum>
      <li>(1, 1.0, 1.0)</li>
    </colorSpectrum>
    <playerInitialSettlementNameMaker>NamerInitialSettlementColony</playerInitialSettlementNameMaker>
    <techLevel>Medieval</techLevel>
    <allowedCultures><li>KTFimirCulture</li></allowedCultures>
    <requiredMemes>
      <li MayRequire="Ludeon.RimWorld.Ideology">Structure_TheistAbstract</li>
      <li MayRequire="Ludeon.RimWorld.Ideology">Raider</li>
      <li MayRequire="Ludeon.RimWorld.Ideology">KTFimirChaosMeme</li>
    </requiredMemes>
    <disallowedMemes>
      <li MayRequire="Ludeon.RimWorld.Ideology">FleshPurity</li>
      <li MayRequire="Ludeon.RimWorld.Ideology">HumanPrimacy</li>
      <li MayRequire="Ludeon.RimWorld.Ideology">Structure_Animist</li>
      <li MayRequire="Ludeon.RimWorld.Ideology">Structure_TheistEmbodied</li>
      <li MayRequire="Ludeon.RimWorld.Ideology">Structure_Ideological</li>
      <li MayRequire="Ludeon.RimWorld.Ideology">Structure_Archist</li>
    </disallowedMemes>
    <structureMemeWeights>
      <Structure_TheistEmbodied MayRequire="Ludeon.RimWorld.Ideology">0</Structure_TheistEmbodied>
      <Structure_TheistAbstract MayRequire="Ludeon.RimWorld.Ideology">2</Structure_TheistAbstract>
      <Structure_Ideological MayRequire="Ludeon.RimWorld.Ideology">0</Structure_Ideological>
      <Structure_Archist MayRequire="Ludeon.RimWorld.Ideology">0</Structure_Archist>
      <Structure_OriginChristian MayRequire="Ludeon.RimWorld.Ideology">0</Structure_OriginChristian>
      <Structure_OriginIslamic MayRequire="Ludeon.RimWorld.Ideology">0</Structure_OriginIslamic>
      <Structure_OriginHindu MayRequire="Ludeon.RimWorld.Ideology">0</Structure_OriginHindu>
      <Structure_OriginBuddhist MayRequire="Ludeon.RimWorld.Ideology">0</Structure_OriginBuddhist>
    </structureMemeWeights>
    <factionNameMaker>NamerFimirBase</factionNameMaker>
    <settlementNameMaker>NamerFimirBase</settlementNameMaker>
    <basicMemberKind>FimirPlayerFimm</basicMemberKind>
    <raidLootMaker>TribeRaidLootMaker</raidLootMaker>
    <raidLootValueFromPointsCurve>
      <points>
        <li>(35,     15)</li>
        <li>(100,   120)</li>
        <li>(1000,  500)</li>
        <li>(2000,  800)</li>
        <li>(4000, 1000)</li>
      </points>
    </raidLootValueFromPointsCurve>
    <apparelStuffFilter>
      <thingDefs>
        <li>Cloth</li>
      </thingDefs>
    </apparelStuffFilter>
    <recipePrerequisiteTags>
      <li>Tribal</li>
    </recipePrerequisiteTags>
  </FactionDef>

</Defs>