<?xml version="1.0" encoding="UTF-8"?>
<Defs>

  <DamageDef>
    <defName>FimirWitherTouch</defName>
    <label>withering touch</label>
    <workerClass>DamageWorker_Scratch</workerClass>
    <hediff>FimirWither</hediff>
    <hediffSkin>FimirWither</hediffSkin>
    <hediffSolid>FimirWither</hediffSolid>
    <externalViolence>true</externalViolence>
    <deathMessage>{0} has succumbed to withering.</deathMessage>
    <harmAllLayersUntilOutside>true</harmAllLayersUntilOutside>
    <impactSoundType>Slice</impactSoundType>
    <armorCategory>Sharp</armorCategory>
    <overkillPctToDestroyPart>0.4~1.0</overkillPctToDestroyPart>
    <scratchSplitPercentage>0.67</scratchSplitPercentage>
    <additionalHediffs>
      <li>
        <hediff>FimirWitherBuildup</hediff>
        <severityPerDamageDealt>0.005</severityPerDamageDealt>
      </li>
    </additionalHediffs>
  </DamageDef>

  <DamageDef>
    <defName>FimirWitherBlunt</defName>
    <label>withering touch</label>
    <workerClass>DamageWorker_Blunt</workerClass>
    <externalViolence>true</externalViolence>
    <hediff>FimirWither</hediff>
    <hediffSkin>FimirWither</hediffSkin>
    <hediffSolid>FimirWither</hediffSolid>
    <deathMessage>{0} has succumbed to withering.</deathMessage>
    <harmAllLayersUntilOutside>true</harmAllLayersUntilOutside>
    <impactSoundType>Blunt</impactSoundType>
    <armorCategory>Blunt</armorCategory>
    <overkillPctToDestroyPart>0.4~1.0</overkillPctToDestroyPart>
    <buildingDamageFactor>1.5</buildingDamageFactor>
    <bluntStunDuration>2.0</bluntStunDuration>
    <bluntInnerHitChance>0.4</bluntInnerHitChance>
    <bluntInnerHitDamageFractionToConvert>
      <min>0.1</min>
      <max>0.2</max>
    </bluntInnerHitDamageFractionToConvert>
    <bluntInnerHitDamageFractionToAdd>
      <min>0.2</min>
      <max>0.35</max>
    </bluntInnerHitDamageFractionToAdd>
    <bluntStunChancePerDamagePctOfCorePartToHeadCurve>
      <points>
        <li>(0.04, 0.20)</li>
        <li>(0.5, 1)</li>
      </points>
    </bluntStunChancePerDamagePctOfCorePartToHeadCurve>
    <bluntStunChancePerDamagePctOfCorePartToBodyCurve>
      <points>
        <li>(0.4, 0)</li>
        <li>(0.9, 0.15)</li>
      </points>
    </bluntStunChancePerDamagePctOfCorePartToBodyCurve>
    <additionalHediffs>
      <li>
        <hediff>FimirWitherBuildup</hediff>
        <severityPerDamageDealt>0.005</severityPerDamageDealt>
      </li>
    </additionalHediffs>
  </DamageDef>

  <DamageDef>
    <defName>FimirWitherShot</defName>
    <label>withering shot</label>
    <workerClass>DamageWorker_AddInjury</workerClass>
    <externalViolence>true</externalViolence>
    <hasForcefulImpact>true</hasForcefulImpact>
    <makesBlood>false</makesBlood>
    <minDamageToFragment>8</minDamageToFragment>
    <defaultDamage>10</defaultDamage>
    <defaultArmorPenetration>1</defaultArmorPenetration>
    <deathMessage>{0} has succumbed to withering.</deathMessage>
    <hediff>FimirWither</hediff>
    <hediffSkin>FimirWither</hediffSkin>
    <hediffSolid>FimirWither</hediffSolid>
    <harmAllLayersUntilOutside>true</harmAllLayersUntilOutside>
    <armorCategory>Heat</armorCategory>
    <explosionCellMote>Mote_BlastFlame</explosionCellMote>
    <explosionColorCenter>(0,0.27,0)</explosionColorCenter>
    <explosionColorEdge>(0.19,0.37,0)</explosionColorEdge>
    <soundExplosion>Explosion_Flame</soundExplosion>
    <combatLogRules>Damage_Flame</combatLogRules>
    <canUseDeflectMetalEffect>false</canUseDeflectMetalEffect>
    <additionalHediffs>
      <li>
        <hediff>FimirWitherBuildup</hediff>
        <severityPerDamageDealt>0.008</severityPerDamageDealt>
      </li>
    </additionalHediffs>
  </DamageDef>

  <DamageDef>
    <defName>FimirWitherShotVile</defName>
    <label>withering shot</label>
    <workerClass>DamageWorker_AddInjury</workerClass>
    <externalViolence>false</externalViolence>
    <hasForcefulImpact>true</hasForcefulImpact>
    <makesBlood>false</makesBlood>
    <minDamageToFragment>8</minDamageToFragment>
    <defaultDamage>10</defaultDamage>
    <defaultArmorPenetration>1</defaultArmorPenetration>
    <deathMessage>{0} has succumbed to withering.</deathMessage>
    <hediff>FimirWither</hediff>
    <hediffSkin>FimirWither</hediffSkin>
    <hediffSolid>FimirWither</hediffSolid>
    <harmAllLayersUntilOutside>false</harmAllLayersUntilOutside>
    <armorCategory>Heat</armorCategory>
    <explosionCellMote>Mote_BlastFlame</explosionCellMote>
    <explosionColorCenter>(0,0.27,0)</explosionColorCenter>
    <explosionColorEdge>(0.19,0.37,0)</explosionColorEdge>
    <soundExplosion>Explosion_Flame</soundExplosion>
    <combatLogRules>Damage_Flame</combatLogRules>
    <canUseDeflectMetalEffect>false</canUseDeflectMetalEffect>
    <additionalHediffs>
      <li>
        <hediff>FimirWitherBuildup</hediff>
        <severityPerDamageDealt>0.02</severityPerDamageDealt>
      </li>
    </additionalHediffs>
  </DamageDef>

</Defs>