<?xml version="1.0" encoding="utf-8" ?>
<Defs>

  <!-- Shared content -->

  <RulePackDef>
    <defName>DeityTypeMakerKTFimirG</defName>
    <include>
      <li>GlobalUtility</li>
    </include>
    <rulePack>
      <rulesStrings>
        <li>r_deityType->[god] of [memeConcept]</li>

        <li>god->Master</li>
        <li>god->God</li>
        <li>god->Prince</li>

      </rulesStrings>
    </rulePack>
  </RulePackDef>

  <!-- Culture-specific content -->

  <RulePackDef>
    <defName>DeityTypeMakerKTFimir</defName>
    <include>
      <li>DeityTypeMakerKTFimirG</li>
    </include>
  </RulePackDef>

</Defs>