<?xml version="1.0" encoding="utf-8" ?>
<Defs>

  <!-- Adulthood -->

  <AlienRace.BackstoryDef>
    <defName>ShearlHandy</defName>
    <title>Handyman</title>
    <titleShort>Jack-of-all</titleShort>
    <baseDescription>[PAWN_nameDef] has proved [PAWN_possessive] worth to the clan. Not a mastersmith but a jack of all trades, able to help where help is due.</baseDescription>
    <skillGains>
      <li>
        <defName>Crafting</defName>
        <amount>1</amount>
      </li>
      <li>
        <defName>Cooking</defName>
        <amount>1</amount>
      </li>
      <li>
        <defName>Plants</defName>
        <amount>2</amount>
      </li>
      <li>
        <defName>Construction</defName>
        <amount>2</amount>
      </li>
      <li>
        <defName>Mining</defName>
        <amount>1</amount>
      </li>
      <li>
        <defName>Animals</defName>
        <amount>1</amount>
      </li>
    </skillGains>
    <bodyTypeMale>Male</bodyTypeMale>
    <bodyTypeFemale>Male</bodyTypeFemale>
    <slot>Adulthood</slot>
    <spawnCategories>
      <li>FimirShearl</li>
    </spawnCategories>
  </AlienRace.BackstoryDef>

  <AlienRace.BackstoryDef>
    <defName>ShearlCrafter</defName>
    <title>Craftsman</title>
    <titleShort>Crafter</titleShort>
    <baseDescription>[PAWN_nameDef] spends [PAWN_possessive] time mending and tending to the clans wares and buildings.</baseDescription>
    <skillGains>
      <li>
        <defName>Crafting</defName>
        <amount>2</amount>
      </li>
      <li>
        <defName>Construction</defName>
        <amount>4</amount>
      </li>
    </skillGains>
    <bodyTypeMale>Male</bodyTypeMale>
    <bodyTypeFemale>Male</bodyTypeFemale>
    <slot>Adulthood</slot>
    <spawnCategories>
      <li>FimirShearl</li>
    </spawnCategories>
  </AlienRace.BackstoryDef>

  <AlienRace.BackstoryDef>
    <defName>ShearlSmith</defName>
    <title>Smith</title>
    <titleShort>Smith</titleShort>
    <baseDescription>[PAWN_nameDef] spends [PAWN_possessive] time smithing the gear for the fimms and sometimes the lone hinge for a door.</baseDescription>
    <skillGains>
      <li>
        <defName>Crafting</defName>
        <amount>4</amount>
      </li>
      <li>
        <defName>Construction</defName>
        <amount>1</amount>
      </li>
      <li>
        <defName>Mining</defName>
        <amount>1</amount>
      </li>
      <li>
        <defName>Melee</defName>
        <amount>-2</amount>
      </li>
      <li>
        <defName>Shooting</defName>
        <amount>-4</amount>
      </li>
      <li>
        <defName>Plants</defName>
        <amount>-3</amount>
      </li>
      <li>
        <defName>Cooking</defName>
        <amount>-3</amount>
      </li>
      <li>
        <defName>Animals</defName>
        <amount>-3</amount>
      </li>
    </skillGains>
    <bodyTypeMale>Male</bodyTypeMale>
    <bodyTypeFemale>Male</bodyTypeFemale>
    <slot>Adulthood</slot>
    <spawnCategories>
      <li>FimirShearl</li>
    </spawnCategories>
  </AlienRace.BackstoryDef>

  <AlienRace.BackstoryDef>
    <defName>ShearlCook</defName>
    <title>Firetender</title>
    <titleShort>Tender</titleShort>
    <baseDescription>[PAWN_nameDef] never got a spot with the crafters and choose to tend the fires of the homestead.</baseDescription>
    <skillGains>
      <li>
        <defName>Cooking</defName>
        <amount>3</amount>
      </li>
      <li>
        <defName>Plants</defName>
        <amount>1</amount>
      </li>
      <li>
        <defName>Animals</defName>
        <amount>1</amount>
      </li>
    </skillGains>
    <bodyTypeMale>Male</bodyTypeMale>
    <bodyTypeFemale>Male</bodyTypeFemale>
    <slot>Adulthood</slot>
    <spawnCategories>
      <li>FimirShearl</li>
    </spawnCategories>
  </AlienRace.BackstoryDef>

  <AlienRace.BackstoryDef>
    <defName>ShearlHerder</defName>
    <title>Herder</title>
    <titleShort>Herder</titleShort>
    <baseDescription>[PAWN_nameDef] tended to the animal herds. The building of the pens, tending to the fence and protecting the herds were also part of the duty.</baseDescription>
    <skillGains>
      <li>
        <defName>Crafting</defName>
        <amount>-4</amount>
      </li>
      <li>
        <defName>Construction</defName>
        <amount>1</amount>
      </li>
      <li>
        <defName>Animals</defName>
        <amount>2</amount>
      </li>
    </skillGains>
    <bodyTypeMale>Male</bodyTypeMale>
    <bodyTypeFemale>Male</bodyTypeFemale>
    <slot>Adulthood</slot>
    <spawnCategories>
      <li>FimirShearl</li>
    </spawnCategories>
  </AlienRace.BackstoryDef>

  <AlienRace.BackstoryDef>
    <defName>ShearlForager</defName>
    <title>Forager</title>
    <titleShort>Forager</titleShort>
    <baseDescription>[PAWN_nameDef] scrapes by with foraging. Combing the bogs and woods for plants of use and ambushing the occasional stray traveler.</baseDescription>
    <skillGains>
      <li>
        <defName>Plants</defName>
        <amount>2</amount>
      </li>
      <li>
        <defName>Melee</defName>
        <amount>1</amount>
      </li>
      <li>
        <defName>Crafting</defName>
        <amount>-5</amount>
      </li>
      <li>
        <defName>Construction</defName>
        <amount>-5</amount>
      </li>
    </skillGains>
    <bodyTypeMale>Male</bodyTypeMale>
    <bodyTypeFemale>Male</bodyTypeFemale>
    <slot>Adulthood</slot>
    <spawnCategories>
      <li>FimirShearl</li>
    </spawnCategories>
  </AlienRace.BackstoryDef>

  <AlienRace.BackstoryDef>
    <defName>ShearlScout</defName>
    <title>Bog robber</title>
    <titleShort>Robber</titleShort>
    <baseDescription>[PAWN_nameDef] treks along the outer border of the clan. Attacking stray travelers, killing lone animals and stealing whatever is in [PAWN_possessive] reach.</baseDescription>
    <skillGains>
      <li>
        <defName>Shooting</defName>
        <amount>1</amount>
      </li>
      <li>
        <defName>Melee</defName>
        <amount>3</amount>
      </li>
      <li>
        <defName>Construction</defName>
        <amount>-5</amount>
      </li>
    </skillGains>
    <workDisables>
      <li>Crafting</li>
    </workDisables>
    <bodyTypeMale>Male</bodyTypeMale>
    <bodyTypeFemale>Male</bodyTypeFemale>
    <slot>Adulthood</slot>
    <spawnCategories>
      <li>FimirShearl</li>
    </spawnCategories>
  </AlienRace.BackstoryDef>

  <AlienRace.BackstoryDef>
    <defName>ShearlFighter</defName>
    <title>Bog Imp</title>
    <titleShort>Imp</titleShort>
    <baseDescription>[PAWN_nameDef] is often far away from the holds, terrorizing nearby villages. [PAWN_nameDef] is the embodiment of the small bog imp that creeps out at night, to murder the lone drunk who stumbled to far away from the streetlights.</baseDescription>
    <skillGains>
      <li>
        <defName>Shooting</defName>
        <amount>2</amount>
      </li>
      <li>
        <defName>Melee</defName>
        <amount>4</amount>
      </li>
    </skillGains>
    <workDisables>
      <li>ManualSkilled</li>
      <li>Artistic</li>
    </workDisables>
    <bodyTypeMale>Male</bodyTypeMale>
    <bodyTypeFemale>Male</bodyTypeFemale>
    <slot>Adulthood</slot>
    <spawnCategories>
      <li>FimirShearl</li>
    </spawnCategories>
  </AlienRace.BackstoryDef>
  
  <AlienRace.BackstoryDef>
    <defName>ShearlMeat</defName>
    <title>Meat shield</title>
    <titleShort>Meat</titleShort>
    <baseDescription>[PAWN_nameDef] only value to the hold is the meat on [PAWN_possessive] body.</baseDescription>
    <skillGains>
      <li>
        <defName>Melee</defName>
        <amount>2</amount>
      </li>
    </skillGains>
    <workDisables>
      <li>ManualSkilled</li>
      <li>Artistic</li>
    </workDisables>
    <bodyTypeMale>Male</bodyTypeMale>
    <bodyTypeFemale>Male</bodyTypeFemale>
    <slot>Adulthood</slot>
    <spawnCategories>
      <li>FimirShearl</li>
    </spawnCategories>
  </AlienRace.BackstoryDef>

  <!-- Childhood -->

  <AlienRace.BackstoryDef>
    <defName>FimirChildShearl</defName>
    <title>Shearl caste</title>
    <titleShort>Shearl</titleShort>
    <baseDescription>[PAWN_nameDef] born in the lower caste of the Fimir Shearls. The life of a servant and meat shield is [PAWN_possessive] fate.</baseDescription>
    <bodyTypeMale>Male</bodyTypeMale>
    <bodyTypeFemale>Male</bodyTypeFemale>
    <slot>Childhood</slot>
    <skillGains>
      <li>
        <defName>Crafting</defName>
        <amount>1</amount>
      </li>
      <li>
        <defName>Social</defName>
        <amount>-3</amount>
      </li>
    </skillGains>
    <workDisables>
      <li>Intellectual</li>
    </workDisables>
    <spawnCategories>
      <li>FimirShearl</li>
    </spawnCategories>
  </AlienRace.BackstoryDef>

</Defs>
