<?xml version="1.0" encoding="utf-8" ?>
<Defs>

  <ThingDef ParentName="BaseMeleeWeapon_Sharp_Quality">
    <defName>MeleeWeapon_FimirSickle</defName>
    <label>fimir Sickle</label>
    <description>A ornate sickle, in the Fimir style. This tool offers exceptional help with plantwork and it's not to shabby in a fight.</description>
    <graphicData>
      <texPath>Things/Weapon/FimirSickle/FimirSickle</texPath>
      <graphicClass>Graphic_Single</graphicClass>
      <shaderType>CutoutComplex</shaderType>
    </graphicData>
    <techLevel>Medieval</techLevel>
    <costStuffCount>75</costStuffCount>
    <weaponTags>
      <li>FimmMid</li>
    </weaponTags>
    <statBases>
      <WorkToMake>8000</WorkToMake>
      <Mass>2.5</Mass>
    </statBases>
    <equippedAngleOffset>-65</equippedAngleOffset>
    <equippedStatOffsets>
      <PlantWorkSpeed>0.4</PlantWorkSpeed>
    </equippedStatOffsets>
    <costList>
      <WoodLog>50</WoodLog>
    </costList>
    <stuffCategories>
      <li>Metallic</li>
    </stuffCategories>
    <tools>
      <li>
        <label>handle</label>
        <capacities>
          <li>Blunt</li>
        </capacities>
        <power>9</power>
        <cooldownTime>2</cooldownTime>
      </li>
      <li>
        <label>edge</label>
        <capacities>
          <li>Cut</li>
        </capacities>
        <power>15</power>
        <cooldownTime>1.6</cooldownTime>
      </li>
    </tools>
    <recipeMaker>
      <researchPrerequisite>FimirBasicWeapon</researchPrerequisite>
      <skillRequirements>
        <Crafting>3</Crafting>
      </skillRequirements>
    </recipeMaker>
  </ThingDef>

  <ThingDef ParentName="BaseMeleeWeapon_Sharp_Quality">
    <defName>MeleeWeapon_FimirAxe</defName>
    <label>fimir Axe</label>
    <description>A ornate Axe, in the Fimir style. A great tool for a great warrior.</description>
    <graphicData>
      <texPath>Things/Weapon/FimirAxe/FimirAxe</texPath>
      <graphicClass>Graphic_Single</graphicClass>
      <shaderType>CutoutComplex</shaderType>
    </graphicData>
    <techLevel>Medieval</techLevel>
    <weaponTags>
      <li>FimmMid</li>
    </weaponTags>
    <costStuffCount>100</costStuffCount>
    <statBases>
      <WorkToMake>18000</WorkToMake>
      <Mass>4</Mass>
    </statBases>
    <equippedAngleOffset>-65</equippedAngleOffset>
    <costList>
      <WoodLog>50</WoodLog>
    </costList>
    <stuffCategories>
      <li>Metallic</li>
    </stuffCategories>
    <tools>
      <li>
        <label>handle</label>
        <capacities>
          <li>Blunt</li>
        </capacities>
        <power>9</power>
        <cooldownTime>2</cooldownTime>
      </li>
      <li>
        <label>blade</label>
        <capacities>
          <li>Cut</li>
        </capacities>
        <power>26</power>
        <cooldownTime>2.6</cooldownTime>
      </li>
    </tools>
    <recipeMaker>
      <researchPrerequisite>FimirBasicWeapon</researchPrerequisite>
      <skillRequirements>
        <Crafting>6</Crafting>
      </skillRequirements>
    </recipeMaker>
  </ThingDef>

  <ThingDef ParentName="BaseMeleeWeapon_Blunt_Quality">
    <defName>MeleeWeapon_FimirSledge</defName>
    <label>fimir Sledge</label>
    <description>A ornate sledge, in the Fimir style. This sledge is a deadly weapon, favoured by the Fimir Nobles. For when cutting doesn't do it, then just bash it.</description>
    <graphicData>
      <texPath>Things/Weapon/FimirSledge/FimirSledge</texPath>
      <graphicClass>Graphic_Single</graphicClass>
      <shaderType>CutoutComplex</shaderType>
    </graphicData>
    <techLevel>Medieval</techLevel>
    <costStuffCount>100</costStuffCount>
    <statBases>
      <WorkToMake>22000</WorkToMake>
      <Mass>10</Mass>
    </statBases>
    <equippedAngleOffset>-65</equippedAngleOffset>
    <equippedStatOffsets>
      <MoveSpeed>-0.2</MoveSpeed>
    </equippedStatOffsets>
    <recipeMaker>
      <researchPrerequisite>FimirAdvancedWeapon</researchPrerequisite>
      <skillRequirements>
        <Crafting>8</Crafting>
      </skillRequirements>
    </recipeMaker>
    <costList>
      <WoodLog>50</WoodLog>
      <Steel>25</Steel>
    </costList>
    <stuffCategories>
      <li>Stony</li>
    </stuffCategories>
    <weaponTags>
      <li>FimmHigh</li>
    </weaponTags>
    <tools>
      <li>
        <label>handle</label>
        <capacities>
          <li>Poke</li>
        </capacities>
        <power>9</power>
        <cooldownTime>1.8</cooldownTime>
      </li>
      <li>
        <label>head</label>
        <labelUsedInLogging>false</labelUsedInLogging>
        <capacities>
          <li>Blunt</li>
        </capacities>
        <power>26</power>
        <cooldownTime>3</cooldownTime>
      </li>
    </tools>
  </ThingDef>

  <ThingDef ParentName="BaseMeleeWeapon_Blunt">
    <defName>MeleeWeapon_FimirClub</defName>
    <label>fimir club</label>
    <description>A simple but effective club for when you need a handy beating stick.</description>
    <graphicData>
      <texPath>Things/Weapon/FimirClub/FimirClub</texPath>
      <graphicClass>Graphic_Single</graphicClass>
      <shaderType>CutoutComplex</shaderType>
    </graphicData>
    <techLevel>Neolithic</techLevel>
    <costStuffCount>50</costStuffCount>
    <weaponTags>
      <li>FimmLow</li>
    </weaponTags>
    <statBases>
      <WorkToMake>2000</WorkToMake>
      <Mass>1.5</Mass>
    </statBases>
    <equippedAngleOffset>-65</equippedAngleOffset>
    <stuffCategories>
      <li>Metallic</li>
      <li>Woody</li>
      <li>Stony</li>
    </stuffCategories>
    <tools>
      <li>
        <label>handle</label>
        <capacities>
          <li>Poke</li>
        </capacities>
        <power>9</power>
        <cooldownTime>2</cooldownTime>
      </li>
      <li>
        <label>head</label>
        <labelUsedInLogging>false</labelUsedInLogging>
        <capacities>
          <li>Blunt</li>
        </capacities>
        <power>16</power>
        <cooldownTime>1.8</cooldownTime>
      </li>
    </tools>
    <recipeMaker>
      <researchPrerequisite>FimirBasicWeapon</researchPrerequisite>
      <skillRequirements>
        <Crafting>3</Crafting>
      </skillRequirements>
      <recipeUsers>
        <li>CraftingSpot</li>
      </recipeUsers>
    </recipeMaker>
  </ThingDef>


  <!-- ================ Gun base for staff ========================== -->
  
  <ThingDef Name="FimirBaseGun" Abstract="True" ParentName="BaseWeapon">
    <techLevel>Medieval</techLevel>
    <smeltable>true</smeltable>
    <thingCategories>
      <li>WeaponsRanged</li>
    </thingCategories>
    <weaponTags>
      <li>FimirStaff</li>
    </weaponTags>
    <inspectorTabs>
      <li>ITab_Art</li>
    </inspectorTabs>
    <statBases>
      <Flammability>0.5</Flammability>
    </statBases>
    <comps>
      <li Class="CompProperties_Art">
        <nameMaker>NamerArtWeaponGun</nameMaker>
        <descriptionMaker>ArtDescription_WeaponGun</descriptionMaker>
        <minQualityForArtistic>Excellent</minQualityForArtistic>
      </li>
    </comps>
  </ThingDef>

  <ThingDef Name="BaseFimirGunWithQuality" Abstract="True" ParentName="FimirBaseGun">
    <comps>
      <li>
        <compClass>CompQuality</compClass>
      </li>
    </comps>
  </ThingDef>

  <ThingDef Name="BaseMakeableFimirGun" ParentName="BaseFimirGunWithQuality" Abstract="True">
    <recipeMaker>
      <workSpeedStat>GeneralLaborSpeed</workSpeedStat>
      <workSkill>Crafting</workSkill>
      <effectWorking>Smith</effectWorking>
      <soundWorking>Recipe_Smith</soundWorking>
      <recipeUsers>
        <li>FimirWitherCraftingSpot</li>
      </recipeUsers>
      <unfinishedThingDef>UnfinishedFimirGun</unfinishedThingDef>
    </recipeMaker>
  </ThingDef>

  <ThingDef Name="BaseFimirMakeableGun" ParentName="BaseMakeableFimirGun" Abstract="True">
    <weaponTags>
      <li>FimirStaff</li>
    </weaponTags>
  </ThingDef>

  <ThingDef ParentName="UnfinishedBase">
    <defName>UnfinishedFimirGun</defName>
    <label>unfinished staff</label>
    <graphicData>
      <texPath>Things/Item/Unfinished/UnfinishedWeapon</texPath>
      <graphicClass>Graphic_Single</graphicClass>
    </graphicData>
    <stuffCategories Inherit="false" />
  </ThingDef>

  <!-- ================ Staffs ========================== -->

  <ThingDef ParentName="BaseFimirMakeableGun">
    <defName>FimirWitheringStaff</defName>
    <label>withering staff</label>
    <description>A staff for a Meargh or Dirach to unleash deadly and crippling blasts.</description>
    <graphicData>
      <texPath>Things/Weapon/FimirWitheringStaff/FimirWitheringStaff</texPath>
      <graphicClass>Graphic_Single</graphicClass>
    </graphicData>
    <recipeMaker>
      <researchPrerequisite>FimirMearghWithering</researchPrerequisite>
      <skillRequirements>
        <Crafting>0</Crafting>
      </skillRequirements>
    </recipeMaker>
    <statBases>
      <WorkToMake>40000</WorkToMake>
      <Mass>3</Mass>
      <AccuracyTouch>0.7</AccuracyTouch>
      <AccuracyShort>0.7</AccuracyShort>
      <AccuracyMedium>0.6</AccuracyMedium>
      <AccuracyLong>0.5</AccuracyLong>
      <RangedWeapon_Cooldown>5</RangedWeapon_Cooldown>
    </statBases>
    <costList>
      <WoodLog>75</WoodLog>
      <Jade>50</Jade>
    </costList>
    <verbs>
      <li>
        <verbClass>Verb_Shoot</verbClass>
        <hasStandardCommand>true</hasStandardCommand>
        <defaultProjectile>Bullet_FimirWithering</defaultProjectile>
        <warmupTime>3.5</warmupTime>
        <range>30.9</range>
        <forcedMissRadius>2.4</forcedMissRadius>
        <burstShotCount>1</burstShotCount>
        <soundCast>Shot_IncendiaryLauncher</soundCast>
        <soundCastTail>GunTail_Medium</soundCastTail>
        <muzzleFlashScale>9</muzzleFlashScale>
        <targetParams>
          <canTargetLocations>true</canTargetLocations>
        </targetParams>
      </li>
    </verbs>
    <weaponTags>
      <li>DirachMid</li>
      <li>MearghMid</li>
    </weaponTags>
    <tools>
      <li>
        <label>staff</label>
        <capacities>
          <li>FimirWitherBlunt</li>
        </capacities>
        <power>16</power>
        <cooldownTime>2</cooldownTime>
      </li>
    </tools>
  </ThingDef>
  <ThingDef ParentName="BaseBullet">
    <defName>Bullet_FimirWithering</defName>
    <label>vile withering</label>
    <graphicData>
      <texPath>Things/Projectile/WitheringShot</texPath>
      <graphicClass>Graphic_Single</graphicClass>
      <shaderType>TransparentPostLight</shaderType>
    </graphicData>
    <thingClass>Projectile_Explosive</thingClass>
    <projectile>
      <speed>30</speed>
      <damageDef>FimirWitherShot</damageDef>
      <explosionRadius>1.4</explosionRadius>
      <ai_IsIncendiary>false</ai_IsIncendiary>
      <damageAmountBase>16</damageAmountBase>
    </projectile>
  </ThingDef>

  <ThingDef ParentName="BaseFimirMakeableGun">
    <defName>FimirWitheringWand</defName>
    <label>withering scepter</label>
    <description>A scepter for a Meargh or Dirach to unleashing a barrage of withering blasts, though the scepter leaves the user vulnerable between every barrage.</description>
    <graphicData>
      <texPath>Things/Weapon/FimirWitheringWand/FimirWitheringWand</texPath>
      <graphicClass>Graphic_Single</graphicClass>
    </graphicData>
    <recipeMaker>
      <researchPrerequisite>FimirMearghWithering</researchPrerequisite>
      <skillRequirements>
        <Crafting>0</Crafting>
      </skillRequirements>
    </recipeMaker>
    <statBases>
      <WorkToMake>40000</WorkToMake>
      <Mass>1.5</Mass>
      <AccuracyTouch>0.60</AccuracyTouch>
      <AccuracyShort>0.60</AccuracyShort>
      <AccuracyMedium>0.5</AccuracyMedium>
      <AccuracyLong>0.4</AccuracyLong>
      <RangedWeapon_Cooldown>6</RangedWeapon_Cooldown>
    </statBases>
    <costList>
      <WoodLog>25</WoodLog>
      <Jade>50</Jade>
    </costList>
    <verbs>
      <li>
        <verbClass>Verb_Shoot</verbClass>
        <hasStandardCommand>true</hasStandardCommand>
        <defaultProjectile>Bullet_FimirWitheringWand</defaultProjectile>
        <warmupTime>4</warmupTime>
        <range>16.9</range>
        <forcedMissRadius>2.9</forcedMissRadius>
        <burstShotCount>9</burstShotCount>
        <soundCast>Shot_IncendiaryLauncher</soundCast>
        <soundCastTail>GunTail_Medium</soundCastTail>
        <muzzleFlashScale>9</muzzleFlashScale>
        <targetParams>
          <canTargetLocations>true</canTargetLocations>
        </targetParams>
      </li>
    </verbs>
    <weaponTags>
      <li>DirachMid</li>
    </weaponTags>
    <tools>
      <li>
        <label>staff</label>
        <capacities>
          <li>FimirWitherBlunt</li>
        </capacities>
        <power>9</power>
        <cooldownTime>2</cooldownTime>
      </li>
    </tools>
  </ThingDef>
  <ThingDef ParentName="BaseBullet">
    <defName>Bullet_FimirWitheringWand</defName>
    <label>vile withering</label>
    <graphicData>
      <texPath>Things/Projectile/WitheringShot</texPath>
      <graphicClass>Graphic_Single</graphicClass>
      <shaderType>TransparentPostLight</shaderType>
    </graphicData>
    <thingClass>Projectile_Explosive</thingClass>
    <projectile>
      <speed>30</speed>
      <damageDef>FimirWitherShot</damageDef>
      <explosionRadius>1.1</explosionRadius>
      <ai_IsIncendiary>false</ai_IsIncendiary>
      <damageAmountBase>9</damageAmountBase>
    </projectile>
  </ThingDef>

  <ThingDef ParentName="BaseFimirMakeableGun">
    <defName>FimirVileStaff</defName>
    <label>vile staff</label>
    <description>A vile staff of Fimir origin. It allows a Meargh to launch crippling attacks from afar, though the staff leaves the user vulnerable after every shot.</description>
    <graphicData>
      <texPath>Things/Weapon/FimirVileStaff/FimirVileStaff</texPath>
      <graphicClass>Graphic_Single</graphicClass>
    </graphicData>
    <recipeMaker>
      <researchPrerequisite>FimirMearghVile</researchPrerequisite>
      <skillRequirements>
        <Crafting>0</Crafting>
      </skillRequirements>
    </recipeMaker>
    <statBases>
      <WorkToMake>40000</WorkToMake>
      <Mass>3</Mass>
      <AccuracyTouch>0.7</AccuracyTouch>
      <AccuracyShort>0.7</AccuracyShort>
      <AccuracyMedium>0.6</AccuracyMedium>
      <AccuracyLong>0.5</AccuracyLong>
      <RangedWeapon_Cooldown>6</RangedWeapon_Cooldown>
    </statBases>
    <costList>
      <WoodLog>50</WoodLog>
      <Jade>75</Jade>
    </costList>
    <verbs>
      <li>
        <verbClass>Verb_Shoot</verbClass>
        <hasStandardCommand>true</hasStandardCommand>
        <defaultProjectile>Bullet_FimirVile</defaultProjectile>
        <warmupTime>5</warmupTime>
        <range>50</range>
        <forcedMissRadius>3.4</forcedMissRadius>
        <requireLineOfSight>true</requireLineOfSight>
        <minRange>5</minRange>
        <burstShotCount>1</burstShotCount>
        <soundCast>Shot_IncendiaryLauncher</soundCast>
        <soundCastTail>GunTail_Medium</soundCastTail>
        <muzzleFlashScale>9</muzzleFlashScale>
        <targetParams>
          <canTargetLocations>true</canTargetLocations>
        </targetParams>
      </li>
    </verbs>
    <weaponTags>
      <li>MearghMid</li>
      <li>MearghHigh</li>
    </weaponTags>
    <tools>
      <li>
        <label>staff</label>
        <capacities>
          <li>FimirWitherBlunt</li>
        </capacities>
        <power>18</power>
        <cooldownTime>2</cooldownTime>
      </li>
    </tools>
  </ThingDef>
  <ThingDef ParentName="BaseBullet">
    <defName>Bullet_FimirVile</defName>
    <label>vile withering</label>
    <graphicData>
      <texPath>Things/Projectile/WitheringShot</texPath>
      <graphicClass>Graphic_Single</graphicClass>
      <shaderType>TransparentPostLight</shaderType>
    </graphicData>
    <thingClass>Projectile_Explosive</thingClass>
    <projectile>
      <flyOverhead>true</flyOverhead>
      <speed>120</speed>
      <damageDef>FimirWitherShotVile</damageDef>
      <explosionRadius>2.4</explosionRadius>
      <ai_IsIncendiary>false</ai_IsIncendiary>
      <damageAmountBase>10</damageAmountBase>
    </projectile>
  </ThingDef>

</Defs>
