﻿<?xml version="1.0" encoding="utf-8" ?>
<Defs>

  <!-- =========================== Good ============================-->

  <IncidentDef>
    <defName>FimirCallWanderer</defName>
    <label>wanderer answers</label>
    <category>Misc</category>
    <targetTags>
      <li>Map_PlayerHome</li>
    </targetTags>
    <workerClass>IncidentWorker_WandererJoin</workerClass>
    <letterLabel>Wanderer answers: {PAWN_nameDef}</letterLabel>
    <letterText>A {PAWN_title} named {PAWN_nameDef} has heard your call.</letterText>
    <baseChance>0.0</baseChance>
    <pawnKind>ShearlLow</pawnKind>
    <populationEffect>IncreaseEasy</populationEffect>
  </IncidentDef>

  <!-- =========================== 
  
  <IncidentDef>
    <defName>FimirCallWild</defName>
    <label>calling wild man</label>
    <category>Misc</category>
    <targetTags>
      <li>Map_PlayerHome</li>
    </targetTags>
    <workerClass>IncidentWorker_WildManWandersIn</workerClass>
    <baseChance>0.70</baseChance>
    <populationEffect>IncreaseMedium</populationEffect>
    <letterLabel>{PAWN_kind} wanders in</letterLabel>
    <letterText>A person living among wild animals has wandered into the area. {PAWN_pronoun}'s called {0}.\n\nYou can attempt to tame or arrest {PAWN_objective}.</letterText>
    <letterDef>NeutralEvent</letterDef>
  </IncidentDef>

  ============================-->

</Defs>