﻿<?xml version="1.0" encoding="utf-8" ?>

 <Defs>

    <AlienRace.ThingDef_AlienRace ParentName="BasePawn">
      <defName>Alien_Dirach</defName>
      <label>Dirach</label>
      <description>Dirach or the Demon-Fiends, are most frequently seen among Fimir raiding parties. The Dirachs are feared even among the clans, occupying the high positions as advisor for the Meargh while mostly keeping away from the rest.</description>
      <alienRace>
        <generalSettings>
          <maleGenderProbability>100</maleGenderProbability>

          <forcedRaceTraitEntries>
            <li>
              <defName>FimirCasteDirach</defName>
              <degree>1</degree>
            </li>
          
          <li>
            <defName>Greedy</defName>
            <chance>20</chance>
          </li>
          </forcedRaceTraitEntries>

          <disallowedTraits>
            <li>Nudist</li>
            <li>Psychopath</li>
            <li>NightOwl</li>
            <li>Jealous</li>
            <li>DislikesWomen</li>
            <li>Cannibal</li>
            <li>Gourmand</li>
            <li>Brawler</li>
          </disallowedTraits>

          <factionRelations>
            <li>
              <factions>
                <li>FimirFaction</li>
              </factions>
              <goodwill>
                <min>50</min>
                <max>100</max>
              </goodwill>
            </li>
            <li>
              <factions>
                <li>DeathjacksFaction</li>
              </factions>
              <goodwill>
                <min>-100</min>
                <max>-100</max>
              </goodwill>
            </li>
          </factionRelations>

          <humanRecipeImport>true</humanRecipeImport>
          <useOnlyPawnkindBackstories>true</useOnlyPawnkindBackstories>
          <immuneToAge>false</immuneToAge>
          <maxDamageForSocialfight>50</maxDamageForSocialfight>
          <canLayDown>true</canLayDown>

          <!-- ================ Part Generator ========================== -->

          <alienPartGenerator>
            <headOffset>(0.0, -0.15)</headOffset>
            <customHeadDrawSize>(0.9, 0.9)</customHeadDrawSize>
            <aliencrowntypes>
              <li>Average</li>
            </aliencrowntypes>
            <customDrawSize>(1.2, 1.2)</customDrawSize>
            <alienbodytypes>
              <li>Male</li>
            </alienbodytypes>
            <useGenderedHeads>false</useGenderedHeads>
            <useGenderedBodies>false</useGenderedBodies>
            <bodyAddons>
              <li>
                <drawSize>1</drawSize>
                <path>Things/Pawn/Fimir/Tail/Dirach/Dirach_Tail</path>
                <bodyPart>FimirTail</bodyPart>
                <inFrontOfBody>false</inFrontOfBody>
                <useSkinColor>true</useSkinColor>
                <drawnInBed>false</drawnInBed>
                <offsets>
                  <south>
                    <bodyTypes>
                      <Male>(0,-0)</Male>
                  </bodyTypes>
                  </south>
                  <north>
                    <bodyTypes>
                      <Male>(-0.1,0.3)</Male>   
                  </bodyTypes>
                  </north>
                  <east>
                    <bodyTypes>
                      <Male>(-0.4,0.3)</Male>
                    </bodyTypes>
                  </east>
                </offsets>
              </li>
            </bodyAddons>
            <alienskincolorgen Class="ColorGenerator_Options">
              <options>
                <li>
                  <weight>10</weight>
                  <only>RGBA(0.67,0.70,0.3,1)</only>
                </li>
                <li>
                  <weight>10</weight>
                  <only>RGBA(0.49,0.51,0.2,1)</only>
                </li>
                <li>
                  <weight>10</weight>
                  <only>RGBA(0.35,0.36,0.2,1)</only>
                </li>
              </options>
            </alienskincolorgen>
          </alienPartGenerator>
        </generalSettings>
        <raceRestriction>
          <weaponList>
            <li>FimirWitheringStaff</li>
            <li>FimirWitheringWand</li>
          </weaponList>
          <onlyUseRaceRestrictedWeapons>false</onlyUseRaceRestrictedWeapons>
          <apparelList>
            <li>Apparel_FimirLightHelmet</li>
          </apparelList>
          <onlyUseRaceRestrictedApparel>false</onlyUseRaceRestrictedApparel>
          <onlyBuildRaceRestrictedBuildings>false</onlyBuildRaceRestrictedBuildings>
          <buildingList>
            <li>FimirBrewingCauldron</li>
            <li>FimirMearghResearchBench</li>
            <li>Turret_FimirSmallTotem</li>
            <li>FimirWitherCraftingSpot</li>
          </buildingList>
          <recipeList>
            <li>Make_FimirSalve</li>
            <li>Make_FimirPotionRest</li>
            <li>Make_FimirPotionCrippling</li>
            <li>MakeBatch_FimirPotionRest</li>
            <li>MakeBatch_FimirPotionCrippling</li>
          </recipeList>
          <onlyDoRaceRestrictedRecipes>false</onlyDoRaceRestrictedRecipes>
        </raceRestriction>

        <!-- ================ Graphic Path & Hair ========================== -->

        <graphicPaths>
          <li>
            <head>Things/Fimir/DirachHead/</head>
            <body>Things/Pawn/Fimir/Dirach/</body>
          </li>
        </graphicPaths>

        <hairSettings>
          <hasHair>false</hasHair>
          <getsGreyAt>100</getsGreyAt>
        </hairSettings>

        <!-- ================ Thoughts ========================== -->

        <thoughtSettings>
          <cannotReceiveThoughts>
            <li>KnowGuestExecuted</li>
            <li>KnowPrisonerDiedInnocent</li>
            <li>KnowColonistDied</li>
            <li>MySonDied</li>
            <li>MyBrotherDied</li>
            <li>MyGrandchildDied</li>
            <li>MyFatherDied</li>
            <li>MyNephewDied</li>
            <li>MyHalfSiblingDied</li>
            <li>MyUncleDied</li>
            <li>MyGrandparentDied</li>
            <li>MyCousinDied</li>
            <li>MyKinDied</li>
            <li>AteAwfulMeal</li>
            <li>AteRawFood</li>
            <li>AteKibble</li>
            <li>AteCorpse</li>
            <li>AteHumanlikeMeatDirect</li>
            <li>AteHumanlikeMeatDirectCannibal</li>
            <li>AteHumanlikeMeatAsIngredient</li>
            <li>AteHumanlikeMeatAsIngredientCannibal</li>
            <li>AteInsectMeatDirect</li>
            <li>AteInsectMeatAsIngredient</li>
            <li>AteRottenFood</li>
            <li>AteWithoutTable</li>
            <li>SleepDisturbed</li>
            <li>SleptOnGround</li>
            <li>KnowPrisonerSold</li>
            <li>KnowGuestOrganHarvested</li>
            <li>KnowColonistOrganHarvested</li>
            <li>SoakingWet</li>
            <li>ButcheredHumanlikeCorpse</li>
            <li>KnowButcheredHumanlikeCorpse</li>
            <li>ObservedLayingCorpse</li>
            <li>ObservedLayingRottingCorpse</li>
            <li>WitnessedDeathNonAlly</li>
            <li>WitnessedDeathFamily</li>
            <li>ColonistBanished</li>
            <li>ColonistBanishedToDie</li>
            <li>PrisonerBanishedToDie</li>
            <li>FailedToRescueRelative</li>
            <li>RescuedRelative</li>
            <li>Rescued</li>
            <li>BotchedMySurgery</li>
            <li>SoldMyLovedOne</li>
            <li>RebuffedMyRomanceAttempt</li>
            <li>CheatedOnMe</li>
            <li>RejectedMyProposal</li>
            <li>KilledMyFather</li>
            <li>KilledMySon</li>
            <li>KilledMyBrother</li>
            <li>KilledMyKin</li>
            <li>EnvironmentDark</li>
            <li>DeadMansApparel</li>
            <li>HumanLeatherApparelSad</li>
            <li>HumanLeatherApparelHappy</li>
            <li>Affair</li>
            <li>Incestuous</li>
            <li>Disfigured</li>
            <li>Ugly</li>
            <li>CreepyBreathing</li>
            <li>ButcheredHumanlikeCorpseOpinion</li>
            <li>AteRawHumanlikeMeat</li>
            <li>SoldPrisoner</li>
            <li>ExecutedPrisoner</li>
            <li>KilledColonist</li>
            <li>KilledColonyAnimal</li>
            <li>Naked</li>
            <li>ApparelDamaged</li>
          </cannotReceiveThoughts>
          <replacerList>
            <li>
              <original>KnowColonistExecuted</original>
              <replacer>FimmKnowColonistExecuted</replacer>
            </li>
            <li>
              <original>BondedAnimalDied</original>
              <replacer>FimmBondedAnimalDied</replacer>
            </li>
            <li>
              <original>PawnWithGoodOpinionDied</original>
              <replacer>FimmPawnWithGoodOpinionDied</replacer>
            </li>
            <li>
              <original>PawnWithBadOpinionDied</original>
              <replacer>FimmPawnWithBadOpinionDied</replacer>
            </li>
            <li>
              <original>MyDaughterDied</original>
              <replacer>FimmMyDaughterDied</replacer>
            </li>
            <li>
              <original>MyHusbandDied</original>
              <replacer>FimmMyHusbandDied</replacer>
            </li>
            <li>
              <original>MyWifeDied</original>
              <replacer>FimmMyWifeDied</replacer>
            </li>
            <li>
              <original>MyFianceDied</original>
              <replacer>FimmMyFianceDied</replacer>
            </li>
            <li>
              <original>MyFianceeDied</original>
              <replacer>FimmMyFianceeDied</replacer>
            </li>
            <li>
              <original>MyLoverDied</original>
              <replacer>FimmMyLoverDied</replacer>
            </li>
            <li>
              <original>MySisterDied</original>
              <replacer>FimmMySisterDied</replacer>
            </li>
            <li>
              <original>MyMotherDied</original>
              <replacer>FimmMyMotherDied</replacer>
            </li>
            <li>
              <original>MyNieceDied</original>
              <replacer>FimmMyNieceDied</replacer>
            </li>
            <li>
              <original>MyAuntDied</original>
              <replacer>FimmMyAuntDied</replacer>
            </li>
            <li>
              <original>GotMarried</original>
              <replacer>ShearlGotMarried</replacer>
            </li>
            <li>
              <original>AttendedWedding</original>
              <replacer>FimmAttendedWedding</replacer>
            </li>
            <li>
              <original>MyOrganHarvested</original>
              <replacer>ShearlMyOrganHarvested</replacer>
            </li>
            <li>
              <original>KnowBuriedInSarcophagus</original>
              <replacer>FimmKnowBuriedInSarcophagus</replacer>
            </li>
            <li>
              <original>WitnessedDeathAlly</original>
              <replacer>FimmWitnessedDeathAlly</replacer>
            </li>
            <li>
              <original>InsultedMood</original>
              <replacer>FimmInsultedMood</replacer>
            </li>
            <li>
              <original>KindWordsMood</original>
              <replacer>ShearlKindWordsMood</replacer>
            </li>
            <li>
              <original>DivorcedMeMood</original>
              <replacer>FimmDivorcedMeMood</replacer>
            </li>
            <li>
              <original>Aurora</original>
              <replacer>FimmAurora</replacer>
            </li>
          </replacerList>
        </thoughtSettings>
      </alienRace>

      <!-- ================ Stats ========================== -->

      <statBases>
        <PsychicSensitivity>1</PsychicSensitivity>
        <PainShockThreshold>1</PainShockThreshold>
        <ImmunityGainSpeed>1.25</ImmunityGainSpeed>
        <GlobalLearningFactor>0.7</GlobalLearningFactor>
        <ToxicSensitivity>0.5</ToxicSensitivity>
        <MarketValue>2000</MarketValue>
        <MoveSpeed>4.6</MoveSpeed>
        <Flammability>1</Flammability>
        <ComfyTemperatureMin>8</ComfyTemperatureMin>
        <ComfyTemperatureMax>26</ComfyTemperatureMax>
        <LeatherAmount>50</LeatherAmount>
        <SmoothingSpeed>0.7</SmoothingSpeed>
        <ConstructionSpeed>0.7</ConstructionSpeed>
        <ResearchSpeed>0.5</ResearchSpeed>
        <MiningSpeed>0.3</MiningSpeed>
        <SocialImpact>1</SocialImpact>
        <MeleeDodgeChance>1</MeleeDodgeChance>
        <ArmorRating_Blunt>0.18</ArmorRating_Blunt>
        <ArmorRating_Sharp>0.20</ArmorRating_Sharp>
        <ArmorRating_Heat>0.25</ArmorRating_Heat>
      </statBases>

      <!-- ================ Tools ========================== -->

      <tools>
        <li>
          <label>left hand</label>
          <capacities>
            <li>FimirWitherTouch</li>
          </capacities>
          <power>10</power>
          <cooldownTime>2</cooldownTime>
          <linkedBodyPartsGroup>LeftHand</linkedBodyPartsGroup>
          <surpriseAttack>
            <extraMeleeDamages>
              <li>
                <def>Stun</def>
                <amount>14</amount>
              </li>
            </extraMeleeDamages>
          </surpriseAttack>
        </li>
        <li>
          <label>right hand</label>
          <capacities>
            <li>FimirWitherTouch</li>
          </capacities>
          <power>10</power>
          <cooldownTime>2</cooldownTime>
          <linkedBodyPartsGroup>RightHand</linkedBodyPartsGroup>
          <surpriseAttack>
            <extraMeleeDamages>
              <li>
                <def>Stun</def>
                <amount>14</amount>
              </li>
            </extraMeleeDamages>
          </surpriseAttack>
        </li>
        <li>
          <label>teeth</label>
          <capacities>
            <li>Bite</li>
          </capacities>
          <power>9.5</power>
          <cooldownTime>2</cooldownTime>
          <linkedBodyPartsGroup>Teeth</linkedBodyPartsGroup>
          <chanceFactor>0.07</chanceFactor>
        </li>
        <li>
          <label>head</label>
          <capacities>
            <li>Blunt</li>
          </capacities>
          <power>8.2</power>
          <cooldownTime>2</cooldownTime>
          <linkedBodyPartsGroup>HeadAttackTool</linkedBodyPartsGroup>
          <ensureLinkedBodyPartsGroupAlwaysUsable>true</ensureLinkedBodyPartsGroupAlwaysUsable>
          <chanceFactor>0.2</chanceFactor>
        </li>
      </tools>

      <!-- ================ Race ========================== -->

      <race>
        <useMeatFrom>Alien_Fimm</useMeatFrom>
        <nameGenerator>NamerFimir</nameGenerator>
        <thinkTreeMain>Humanlike</thinkTreeMain>
        <thinkTreeConstant>HumanlikeConstant</thinkTreeConstant>
        <intelligence>Humanlike</intelligence>
        <makesFootprints>true</makesFootprints>
        <lifeExpectancy>100</lifeExpectancy>
        <nameCategory>HumanStandard</nameCategory>
        <leatherDef>Leather_FimirMeargh</leatherDef>
        <body>Fimir_Dirach</body>
        <baseBodySize>1.1</baseBodySize>
        <baseHealthScale>1.2</baseHealthScale>
        <foodType>OmnivoreHuman</foodType>
        <manhunterOnDamageChance>0.2</manhunterOnDamageChance>
        <manhunterOnTameFailChance>0.02</manhunterOnTameFailChance>
        <gestationPeriodDays>45</gestationPeriodDays>
        <litterSizeCurve>
          <points>
            <li>(0.5, 0)</li>
            <li>(1, 1)</li>
            <li>(1.01, 0.02)</li>
            <li>(3.5, 0)</li>
          </points>
        </litterSizeCurve>
        <lifeStageAges>
          <li>
            <def>HumanlikeBaby</def>
            <minAge>0</minAge>
          </li>
          <li>
            <def>HumanlikeToddler</def>
            <minAge>1.2</minAge>
          </li>
          <li>
            <def>HumanlikeChild</def>
            <minAge>4</minAge>
          </li>
          <li>
            <def>HumanlikeTeenager</def>
            <minAge>13</minAge>
          </li>
          <li>
            <def>HumanlikeAdult</def>
            <minAge>18</minAge>
          </li>
        </lifeStageAges>
        <soundMeleeHitPawn>Pawn_Melee_Punch_HitPawn</soundMeleeHitPawn>
        <soundMeleeHitBuilding>Pawn_Melee_Punch_HitBuilding</soundMeleeHitBuilding>
        <soundMeleeMiss>Pawn_Melee_Punch_Miss</soundMeleeMiss>
        <specialShadowData>
          <volume>(0.3, 0.8, 0.4)</volume>
          <offset>(0,0,-0.3)</offset>
        </specialShadowData>
        <ageGenerationCurve>
          <points>
            <li>(14,0)</li>
            <li>(16,100)</li>
            <li>(50,100)</li>
            <li>(60,30)</li>
            <li>(70,18)</li>
            <li>(80,10)</li>
            <li>(90,3)</li>
            <li>(100,0)</li>
          </points>
        </ageGenerationCurve>
        <hediffGiverSets>
          <li>OrganicStandard</li>
          <li>Human</li>
        </hediffGiverSets>
      </race>
      <recipes>
        <li>InstallArchotechEye</li>
        <li>InstallArchotechArm</li>
        <li>InstallArchotechLeg</li>
        <li>InstallPowerClaw</li>
        <li>InstallBionicEye</li>
        <li>InstallBionicArm</li>
        <li>InstallBionicLeg</li>
        <li>InstallBionicSpine</li>
        <li>InstallBionicHeart</li>
        <li>InstallBionicStomach</li>
        <li>InstallBionicEar</li>
        <li>InstallSimpleProstheticArm</li>
        <li>InstallSimpleProstheticLeg</li>
        <li>InstallSimpleProstheticHeart</li>
        <li>InstallCochlearImplant</li>
        <li>InstallPegLeg</li>
        <li>InstallWoodenFoot</li>
        <li>InstallDenture</li>
        <li>InstallJoywire</li>
        <li>InstallPainstopper</li>
        <li>InstallNaturalHeart</li>
        <li>InstallNaturalLung</li>
        <li>InstallNaturalKidney</li>
        <li>InstallNaturalLiver</li>
        <li>ExciseCarcinoma</li>
        <li>AdministerMechSerumHealer</li>
        <li>RemoveBodyPart</li>
        <li>Euthanize</li>
        <li>Anesthetize</li>
      </recipes>
    </AlienRace.ThingDef_AlienRace>
  
</Defs>