<?xml version="1.0" encoding="utf-8" ?>
<Defs>

  <ScenarioDef>
    <defName>Fimir_StandradScenario</defName>
    <label>Fimir Start</label>
    <description>A group of fimirs settle down to create their new clan.</description>
    <scenario>
      <summary>Build your own colony of Fimir.</summary>
      <playerFaction>
        <def>PlayerFaction</def>
        <factionDef>FimirPlayerFaction</factionDef>
      </playerFaction>
      <parts>

        <!-- Config pages -->
        <li Class="ScenPart_ConfigPage_ConfigureStartingPawns">
          <def>ConfigPage_ConfigureStartingPawns</def>
          <pawnCount>5</pawnCount>
          <pawnChoiceCount>10</pawnChoiceCount>
        </li>

        <!-- Player starting stuff spawn method-->
        <li Class="ScenPart_PlayerPawnsArriveMethod">
          <def>PlayerPawnsArriveMethod</def>
          <method>Standing</method>
        </li>

        <li Class="ScenPart_SetNeedLevel">
          <def>SetNeedLevel</def>
          <visible>false</visible>
          <context>PlayerStarter</context>
          <chance>1.0</chance>
          <need>Food</need>
          <levelRange>
            <min>0.7</min>
            <max>1.0</max>
          </levelRange>
        </li>

        <!-- Player starting things -->
        <li Class="ScenPart_StartingThing_Defined">
          <def>StartingThing_Defined</def>
          <thingDef>FimirStewSimple</thingDef>
          <count>10</count>
        </li>
        <li Class="ScenPart_StartingThing_Defined">
          <def>StartingThing_Defined</def>
          <thingDef>Pemmican</thingDef>
          <count>400</count>
        </li>
        <li Class="ScenPart_StartingThing_Defined">
          <def>StartingThing_Defined</def>
          <thingDef>FimirBogBrew</thingDef>
          <count>6</count>
        </li>

        <!-- Starting research -->

        <li Class="ScenPart_StartingResearch">
          <def>StartingResearch</def>
          <project>Stonecutting</project>
        </li>

        <li Class="ScenPart_StartingResearch">
          <def>StartingResearch</def>
          <project>FimirLightArmour</project>
        </li>

        <li Class="ScenPart_StartingResearch">
          <def>StartingResearch</def>
          <project>FimirBasicWeapon</project>
        </li>

        <li Class="ScenPart_StartingResearch">
          <def>StartingResearch</def>
          <project>FimirBrewing</project>
        </li>

        <li Class="ScenPart_StartingResearch">
          <def>StartingResearch</def>
          <project>Smithing</project>
        </li>

        <li Class="ScenPart_StartingResearch">
          <def>StartingResearch</def>
          <project>Brewing</project>
        </li>

        <li Class="ScenPart_StartingResearch">
          <def>StartingResearch</def>
          <project>PsychoidBrewing</project>
        </li>

        <!-- Game start dialog -->
        <li Class="ScenPart_GameStartDialog">
          <def>GameStartDialog</def>
          <text>A group of fimirs set out to build a new clanhold.</text>
          <closeSound>GameStartSting</closeSound>
        </li>
      </parts>
    </scenario>
  </ScenarioDef>
  
</Defs>