﻿<?xml version="1.0" encoding="utf-8"?>
<Defs>

  <TraderKindDef>
    <defName>Base_Fimir_Standard</defName>
    <stockGenerators>
      <li Class="StockGenerator_SingleDef">
        <thingDef>Silver</thingDef>
        <countRange>
          <min>1500</min>
          <max>2200</max>
        </countRange>
      </li>
      <li Class="StockGenerator_SingleDef">
        <thingDef>FimirMedicineSalve</thingDef>
        <countRange>
          <min>-1</min>
          <max>20</max>
        </countRange>
      </li>
      <li Class="StockGenerator_SingleDef">
        <thingDef>Steel</thingDef>
        <countRange>
          <min>100</min>
          <max>400</max>
        </countRange>
      </li>
      <li Class="StockGenerator_SingleDef">
        <thingDef>Cloth</thingDef>
        <countRange>
          <min>100</min>
          <max>400</max>
        </countRange>
      </li>
      <li Class="StockGenerator_SingleDef">
        <thingDef>FimirPotionRest</thingDef>
        <countRange>
          <min>-1</min>
          <max>10</max>
        </countRange>
      </li>
      <li Class="StockGenerator_SingleDef">
        <thingDef>FimirPotionCrippling</thingDef>
        <countRange>
          <min>-1</min>
          <max>10</max>
        </countRange>
      </li>
      <li Class="StockGenerator_SingleDef">
        <thingDef>FimirEffigyHealer</thingDef>
        <countRange>
          <min>-1</min>
          <max>5</max>
        </countRange>
      </li>
      <li Class="StockGenerator_SingleDef">
        <thingDef>FimirBogBrew</thingDef>
        <countRange>
          <min>10</min>
          <max>50</max>
        </countRange>
      </li>
      <li Class="StockGenerator_Category">
        <categoryDef>FoodRaw</categoryDef>
        <excludedCategories>
          <li>EggsFertilized</li>
        </excludedCategories>
        <thingDefCountRange>
          <min>3</min>
          <max>3</max>
        </thingDefCountRange>
        <totalPriceRange>
          <min>150</min>
          <max>600</max>
        </totalPriceRange>
      </li>
      <li Class="StockGenerator_Category">
        <categoryDef>BuildingsFurniture</categoryDef>
        <thingDefCountRange>
          <min>3</min>
          <max>3</max>
        </thingDefCountRange>
        <countRange>
          <min>1</min>
          <max>1</max>
        </countRange>
      </li>
      <li Class="StockGenerator_Clothes">
        <countRange>
          <min>2</min>
          <max>8</max>
        </countRange>
      </li>
      <li Class="StockGenerator_Category">
        <categoryDef>Drugs</categoryDef>
      </li>
      <li Class="StockGenerator_Category">
        <categoryDef>Textiles</categoryDef>
      </li>
      <li Class="StockGenerator_BuyArt" />
      <li Class="StockGenerator_BuyWeirdOrganic" />
      <li Class="StockGenerator_MultiDef">
        <thingDefs>
          <li>Kibble</li>
          <li>Pemmican</li>
        </thingDefs>
      </li>
      <li Class="StockGenerator_Slaves">
        <respectPopulationIntent>true</respectPopulationIntent>
        <countRange>
          <min>2</min>
          <max>5</max>
        </countRange>
      </li>
    </stockGenerators>
  </TraderKindDef>

</Defs>
