﻿<?xml version="1.0" encoding="utf-8" ?>

 <Defs>

    <AlienRace.ThingDef_AlienRace ParentName="BasePawn">
      <defName>Alien_Shearl</defName>
      <label>Shearl</label>
      <description>Shearl are the lowest caste of the Fimir society. With their smaller and weaker stature they acts as the clans servants and labourers. Those that manage to stand over the rest perform their arts in the workshops, forging armour and weapons off the highest quality. But on the battlefield the lowests of them acts as meat shields.</description>
      <alienRace>
        <generalSettings>
          <maleGenderProbability>100</maleGenderProbability>

          <forcedRaceTraitEntries>
            <li>
              <defName>FimirCasteShearl</defName>
              <degree>1</degree>
            </li>
          </forcedRaceTraitEntries>

          <disallowedTraits>
            <li>
              <defName>Nudist</defName>
            </li>
            <li>
              <defName>Psychopath</defName>
            </li>
            <li>
              <defName>NightOwl</defName>
            </li>
            <li>
              <defName>Jealous</defName>
            </li>
            <li>
              <defName>Brawler</defName>
            </li>
            <li>
              <defName>Gourmand</defName>
            </li>
            <li>
              <defName>Cannibal</defName>
            </li>
            <li>
              <defName>DislikesWomen</defName>
            </li>
          </disallowedTraits>

          <factionRelations>
            <li>
              <factions>
                <li>FimirFaction</li>
              </factions>
              <goodwill>
                <min>50</min>
                <max>100</max>
              </goodwill>
            </li>
            <li>
              <factions>
                <li MayRequire="Kompadt.Warhammer.Deathjacks">DeathjacksFaction</li>
              </factions>
              <goodwill>
                <min>-100</min>
                <max>-100</max>
              </goodwill>
            </li>
            <li>
              <factions>
                <li MayRequire="Kompadt.Warhammer.FreeGuild">FGFreeGuildFaction</li>
              </factions>
              <goodwill>
                <min>-100</min>
                <max>-100</max>
              </goodwill>
            </li>
            <li>
              <factions>
                <li>PlayerTribe</li>
              </factions>
              <goodwill>
                <min>-50</min>
                <max>-100</max>
              </goodwill>
            </li>
            <li>
              <factions>
                <li>PlayerColony</li>
              </factions>
              <goodwill>
                <min>-50</min>
                <max>-100</max>
              </goodwill>
            </li>
          </factionRelations>
          <notXenophobistTowards>
              <li>Alien_Dirach</li>
              <li>Alien_Meargh</li>
              <li>Alien_Shearl</li>
        </notXenophobistTowards>

          <humanRecipeImport>true</humanRecipeImport>
          <immuneToAge>false</immuneToAge>
          <maxDamageForSocialfight>50</maxDamageForSocialfight>
          <canLayDown>true</canLayDown>

          <!-- ================ Part Generator ========================== -->

          <alienPartGenerator>
            <headOffset>(0.0, -0.15)</headOffset>
            <customHeadDrawSize>(0.75, 0.75)</customHeadDrawSize>
            <aliencrowntypes>
              <li>Average</li>
            </aliencrowntypes>
            <customDrawSize>(1.1, 1.15)</customDrawSize>
            <alienbodytypes>
              <li>Male</li>
            </alienbodytypes>
            <useGenderedHeads>false</useGenderedHeads>
            <useGenderedBodies>false</useGenderedBodies>
            <bodyAddons>
              <li>
                <drawSize>1</drawSize>
                <path>Things/Pawn/Fimir/Tail/Shearl/Shearl_Tail</path>
                <bodyPart>FimirTail</bodyPart>
                <inFrontOfBody>false</inFrontOfBody>
                <colorChannel>skin</colorChannel>
                <drawnInBed>false</drawnInBed>
                <offsets>
                  <south>
                    <bodyTypes>
                      <Male>(0,-0)</Male>
                  </bodyTypes>
                  </south>
                  <north>
                    <bodyTypes>
                      <Male>(-0.1,-0.05)</Male>   
                  </bodyTypes>
                  </north>
                  <east>
                    <bodyTypes>
                      <Male>(-0.0,0.0)</Male>
                    </bodyTypes>
                  </east>
                </offsets>
              </li>
            </bodyAddons>
            <colorChannels>
              <li>
                <name>skin</name>
                <first Class="ColorGenerator_Options">
                  <options>
                    <li>
                      <weight>10</weight>
                      <only>RGBA(0.82,0.67,0.63,1)</only>
                    </li>
                    <li>
                      <weight>10</weight>
                      <only>RGBA(0.82,0.72,0.63,1)</only>
                    </li>
                    <li>
                      <weight>10</weight>
                      <only>RGBA(0.73,0.57,0.42,1)</only>
                    </li>
                  </options>
                </first>
                <second Class="ColorGenerator_Options">
                  <options>
                    <li>
                      <weight>5</weight>
                      <only>RGBA(1.0,1.0,1.0,1)</only>
                    </li>
                  </options>
                </second>
              </li>
            </colorChannels>
          </alienPartGenerator>
        </generalSettings>
        <raceRestriction>
          <apparelList>
            <li>Apparel_FimirLightHelmet</li>
          </apparelList>
          <buildingList>
            <li>FimirBrewingCauldron</li>
          </buildingList>
          <onlyBuildRaceRestrictedBuildings>false</onlyBuildRaceRestrictedBuildings>
          <onlyUseRaceRestrictedApparel>false</onlyUseRaceRestrictedApparel>
          <onlyDoRaceRestrictedRecipes>false</onlyDoRaceRestrictedRecipes>
        </raceRestriction>

        <!-- ================ Graphic Path & Hair ========================== -->

        <graphicPaths>
          <li>
            <head>Things/Fimir/ShearlHead/</head>
            <body>Things/Pawn/Fimir/Shearl/</body>
          </li>
        </graphicPaths>

        <styleSettings>
        <li>
          <key>HairDef</key>
            <value>
              <hasStyle>false</hasStyle>
              <styleTags>
              </styleTags>
            </value>
        </li>
        <li>
        <key>BeardDef</key>
        <value>
            <hasStyle>true</hasStyle>
            <styleTags>
                <li>NoBeard</li>
            </styleTags>
        </value>
        </li>
        <li>
        <key>TattooDef</key>
        <value>
            <hasStyle>true</hasStyle>
            <styleTags>
                <li>NoTattoo</li>
            </styleTags>
        </value>
        </li>
        </styleSettings>

        <!-- ================ Thoughts ========================== -->

        <thoughtSettings>
          <cannotReceiveThoughts>
            <li>MySonLost</li>
            <li>MyBrotherLost</li>
            <li>MyFatherLost</li>
            <li>MyNephewLost</li>
            <li>MyHalfSiblingLost</li>
            <li>MyUncleLost</li>
            <li>MyGrandparentLost</li>
            <li>MyCousinLost</li>
            <li>MyKinLost</li>
            <li>KnowGuestExecuted</li>
            <li>KnowPrisonerDiedInnocent</li>
            <li>KnowColonistDied</li>
            <li>MySonDied</li>
            <li>MyBrotherDied</li>
            <li>MyGrandchildDied</li>
            <li>MyFatherDied</li>
            <li>MyNephewDied</li>
            <li>MyHalfSiblingDied</li>
            <li>MyUncleDied</li>
            <li>MyGrandparentDied</li>
            <li>MyCousinDied</li>
            <li>MyKinDied</li>
            <li>AteRawFood</li>
            <li>AteKibble</li>
            <li>AteCorpse</li>
            <li>AteHumanlikeMeatDirect</li>
            <li>AteHumanlikeMeatDirectCannibal</li>
            <li>AteHumanlikeMeatAsIngredient</li>
            <li>AteHumanlikeMeatAsIngredientCannibal</li>
            <li>AteInsectMeatDirect</li>
            <li>AteInsectMeatAsIngredient</li>
            <li>AteRottenFood</li>
            <li>AteWithoutTable</li>
            <li>SleepDisturbed</li>
            <li>SleptOnGround</li>
            <li>KnowPrisonerSold</li>
            <li>KnowGuestOrganHarvested</li>
            <li>KnowColonistOrganHarvested</li>
            <li>SoakingWet</li>
            <li>ButcheredHumanlikeCorpse</li>
            <li>KnowButcheredHumanlikeCorpse</li>
            <li>ObservedLayingCorpse</li>
            <li>ObservedLayingRottingCorpse</li>
            <li>WitnessedDeathNonAlly</li>
            <li>WitnessedDeathFamily</li>
            <li>ColonistBanished</li>
            <li>ColonistBanishedToDie</li>
            <li>PrisonerBanishedToDie</li>
            <li>FailedToRescueRelative</li>
            <li>RescuedRelative</li>
            <li>Rescued</li>
            <li>BotchedMySurgery</li>
            <li>SoldMyLovedOne</li>
            <li>RebuffedMyRomanceAttempt</li>
            <li>CheatedOnMe</li>
            <li>RejectedMyProposal</li>
            <li>KilledMyFather</li>
            <li>KilledMySon</li>
            <li>KilledMyBrother</li>
            <li>KilledMyKin</li>
            <li>EnvironmentDark</li>
            <li>DeadMansApparel</li>
            <li>HumanLeatherApparelSad</li>
            <li>HumanLeatherApparelHappy</li>
            <li>Affair</li>
            <li>Incestuous</li>
            <li>Disfigured</li>
            <li>Ugly</li>
            <li>CreepyBreathing</li>
            <li>ButcheredHumanlikeCorpseOpinion</li>
            <li>AteRawHumanlikeMeat</li>
            <li>SoldPrisoner</li>
            <li>ExecutedPrisoner</li>
            <li>KilledColonist</li>
            <li>KilledColonyAnimal</li>
            <li>Naked</li>
            <li>ApparelDamaged</li>
            <li>SleptInBarracks</li>
          </cannotReceiveThoughts>
          <replacerList>
            <li>
              <original>KnowColonistExecuted</original>
              <replacer>FimmKnowColonistExecuted</replacer>
            </li>
            <li>
              <original>BondedAnimalDied</original>
              <replacer>FimmBondedAnimalDied</replacer>
            </li>
            <li>
              <original>PawnWithGoodOpinionDied</original>
              <replacer>FimmPawnWithGoodOpinionDied</replacer>
            </li>
            <li>
              <original>PawnWithBadOpinionDied</original>
              <replacer>FimmPawnWithBadOpinionDied</replacer>
            </li>
            <li>
              <original>MyDaughterDied</original>
              <replacer>FimmMyDaughterDied</replacer>
            </li>
            <li>
              <original>MyHusbandDied</original>
              <replacer>FimmMyHusbandDied</replacer>
            </li>
            <li>
              <original>MyWifeDied</original>
              <replacer>FimmMyWifeDied</replacer>
            </li>
            <li>
              <original>MyFianceDied</original>
              <replacer>FimmMyFianceDied</replacer>
            </li>
            <li>
              <original>MyFianceeDied</original>
              <replacer>FimmMyFianceeDied</replacer>
            </li>
            <li>
              <original>MyLoverDied</original>
              <replacer>FimmMyLoverDied</replacer>
            </li>
            <li>
              <original>MySisterDied</original>
              <replacer>FimmMySisterDied</replacer>
            </li>
            <li>
              <original>MyMotherDied</original>
              <replacer>FimmMyMotherDied</replacer>
            </li>
            <li>
              <original>MyNieceDied</original>
              <replacer>FimmMyNieceDied</replacer>
            </li>
            <li>
              <original>MyAuntDied</original>
              <replacer>FimmMyAuntDied</replacer>
            </li>
            <li>
              <original>GotMarried</original>
              <replacer>ShearlGotMarried</replacer>
            </li>
            <li>
              <original>AttendedWedding</original>
              <replacer>FimmAttendedWedding</replacer>
            </li>
            <li>
              <original>MyOrganHarvested</original>
              <replacer>ShearlMyOrganHarvested</replacer>
            </li>
            <li>
              <original>KnowBuriedInSarcophagus</original>
              <replacer>FimmKnowBuriedInSarcophagus</replacer>
            </li>
            <li>
              <original>WitnessedDeathAlly</original>
              <replacer>FimmWitnessedDeathAlly</replacer>
            </li>
            <li>
              <original>InsultedMood</original>
              <replacer>FimmInsultedMood</replacer>
            </li>
            <li>
              <original>KindWordsMood</original>
              <replacer>FimmKindWordsMood</replacer>
            </li>
            <li>
              <original>DivorcedMeMood</original>
              <replacer>FimmDivorcedMeMood</replacer>
            </li>
            <li>
              <original>MyAuntLost</original>
              <replacer>FimmMyAuntLost</replacer>
            </li>
            <li>
              <original>MyNieceLost</original>
              <replacer>FimmMyNieceLost</replacer>
            </li>
            <li>
              <original>MyMotherLost</original>
              <replacer>FimmMyMotherLost</replacer>
            </li>
            <li>
              <original>MySisterLost</original>
              <replacer>FimmMySisterLost</replacer>
            </li>
            <li>
              <original>MyDaughterLost</original>
              <replacer>FimmMyDaughterLost</replacer>
            </li>
          </replacerList>
        </thoughtSettings>
      </alienRace>

      <!-- ================ Stats ========================== -->

      <statBases>
        <PsychicSensitivity>1</PsychicSensitivity>
        <PainShockThreshold>1</PainShockThreshold>
        <ImmunityGainSpeed>1.1</ImmunityGainSpeed>
        <GlobalLearningFactor>0.5</GlobalLearningFactor>
        <ToxicSensitivity>0.5</ToxicSensitivity>
        <MarketValue>1750</MarketValue>
        <MoveSpeed>4.6</MoveSpeed>
        <Flammability>1</Flammability>
        <ComfyTemperatureMin>8</ComfyTemperatureMin>
        <ComfyTemperatureMax>26</ComfyTemperatureMax>
        <LeatherAmount>50</LeatherAmount>
        <SmoothingSpeed>1</SmoothingSpeed>
        <ConstructionSpeed>1</ConstructionSpeed>
        <ResearchSpeed>0.2</ResearchSpeed>
        <MiningSpeed>1</MiningSpeed>
        <SocialImpact>0.3</SocialImpact>
        <MeleeDodgeChance>1</MeleeDodgeChance>
        <ArmorRating_Blunt>0.10</ArmorRating_Blunt>
        <ArmorRating_Sharp>0.14</ArmorRating_Sharp>
        <ArmorRating_Heat>0</ArmorRating_Heat>
      </statBases>

      <!-- ================ Tools ========================== -->

      <tools>
        <li>
          <label>left claw</label>
          <capacities>
            <li>Scratch</li>
          </capacities>
          <power>8.2</power>
          <cooldownTime>2</cooldownTime>
          <linkedBodyPartsGroup>LeftHand</linkedBodyPartsGroup>
          <surpriseAttack>
            <extraMeleeDamages>
              <li>
                <def>Stun</def>
                <amount>14</amount>
              </li>
            </extraMeleeDamages>
          </surpriseAttack>
        </li>
        <li>
          <label>right claw</label>
          <capacities>
            <li>Scratch</li>
          </capacities>
          <power>8.2</power>
          <cooldownTime>2</cooldownTime>
          <linkedBodyPartsGroup>RightHand</linkedBodyPartsGroup>
          <surpriseAttack>
            <extraMeleeDamages>
              <li>
                <def>Stun</def>
                <amount>14</amount>
              </li>
            </extraMeleeDamages>
          </surpriseAttack>
        </li>
        <li>
          <label>left fist</label>
          <capacities>
            <li>Blunt</li>
          </capacities>
          <power>8.2</power>
          <cooldownTime>2</cooldownTime>
          <linkedBodyPartsGroup>LeftHand</linkedBodyPartsGroup>
          <surpriseAttack>
            <extraMeleeDamages>
              <li>
                <def>Stun</def>
                <amount>14</amount>
              </li>
            </extraMeleeDamages>
          </surpriseAttack>
        </li>
        <li>
          <label>right fist</label>
          <capacities>
            <li>Blunt</li>
          </capacities>
          <power>8.2</power>
          <cooldownTime>2</cooldownTime>
          <linkedBodyPartsGroup>RightHand</linkedBodyPartsGroup>
          <surpriseAttack>
            <extraMeleeDamages>
              <li>
                <def>Stun</def>
                <amount>14</amount>
              </li>
            </extraMeleeDamages>
          </surpriseAttack>
        </li>
        <li>
          <label>teeth</label>
          <capacities>
            <li>Bite</li>
          </capacities>
          <power>8.2</power>
          <cooldownTime>2</cooldownTime>
          <linkedBodyPartsGroup>Teeth</linkedBodyPartsGroup>
          <chanceFactor>0.07</chanceFactor>
        </li>
        <li>
          <label>head</label>
          <capacities>
            <li>Blunt</li>
          </capacities>
          <power>8.2</power>
          <cooldownTime>2</cooldownTime>
          <linkedBodyPartsGroup>HeadAttackTool</linkedBodyPartsGroup>
          <ensureLinkedBodyPartsGroupAlwaysUsable>true</ensureLinkedBodyPartsGroupAlwaysUsable>
          <chanceFactor>0.2</chanceFactor>
        </li>
      </tools>

      <!-- ================ Race ========================== -->

      <race>
        <useMeatFrom>Alien_Fimm</useMeatFrom>
        <nameGenerator>NamerFimir</nameGenerator>
        <thinkTreeMain>Humanlike</thinkTreeMain>
        <thinkTreeConstant>HumanlikeConstant</thinkTreeConstant>
        <intelligence>Humanlike</intelligence>
        <makesFootprints>true</makesFootprints>
        <lifeExpectancy>60</lifeExpectancy>
        <nameCategory>HumanStandard</nameCategory>
        <leatherDef>Leather_Plain</leatherDef>
        <body>Fimir_Shearl</body>
        <baseBodySize>1</baseBodySize>
        <baseHealthScale>1.0</baseHealthScale>
        <foodType>OmnivoreHuman</foodType>
        <manhunterOnDamageChance>0.2</manhunterOnDamageChance>
        <manhunterOnTameFailChance>0.02</manhunterOnTameFailChance>
        <gestationPeriodDays>45</gestationPeriodDays>
        <litterSizeCurve>
          <points>
            <li>(0.5, 0)</li>
            <li>(1, 1)</li>
            <li>(1.01, 0.02)</li>
            <li>(3.5, 0)</li>
          </points>
        </litterSizeCurve>
        <lifeStageAges>
          <li>
            <def>HumanlikeBaby</def>
            <minAge>0</minAge>
          </li>
          <li>
            <def>HumanlikeToddler</def>
            <minAge>1.2</minAge>
          </li>
          <li>
            <def>HumanlikeChild</def>
            <minAge>4</minAge>
          </li>
          <li>
            <def>HumanlikeTeenager</def>
            <minAge>13</minAge>
          </li>
          <li>
            <def>HumanlikeAdult</def>
            <minAge>18</minAge>
          </li>
        </lifeStageAges>
        <soundMeleeHitPawn>Pawn_Melee_Punch_HitPawn</soundMeleeHitPawn>
        <soundMeleeHitBuilding>Pawn_Melee_Punch_HitBuilding</soundMeleeHitBuilding>
        <soundMeleeMiss>Pawn_Melee_Punch_Miss</soundMeleeMiss>
        <specialShadowData>
          <volume>(0.3, 0.8, 0.4)</volume>
          <offset>(0,0,-0.3)</offset>
        </specialShadowData>
        <ageGenerationCurve>
          <points>
            <li>(16,0)</li>
            <li>(20,100)</li>
            <li>(30,50)</li>
            <li>(40,20</li>
            <li>(50,3</li>
            <li>(60,0)</li>
          </points>
        </ageGenerationCurve>
        <hediffGiverSets>
          <li>OrganicStandard</li>
          <li>Human</li>
        </hediffGiverSets>
      </race>
      <recipes>
        <li>InstallArchotechEye</li>
        <li>InstallArchotechArm</li>
        <li>InstallArchotechLeg</li>
        <li>InstallPowerClaw</li>
        <li>InstallBionicEye</li>
        <li>InstallBionicArm</li>
        <li>InstallBionicLeg</li>
        <li>InstallBionicSpine</li>
        <li>InstallBionicHeart</li>
        <li>InstallBionicStomach</li>
        <li>InstallBionicEar</li>
        <li>InstallSimpleProstheticArm</li>
        <li>InstallSimpleProstheticLeg</li>
        <li>InstallSimpleProstheticHeart</li>
        <li>InstallCochlearImplant</li>
        <li>InstallPegLeg</li>
        <li>InstallWoodenFoot</li>
        <li>InstallDenture</li>
        <li>InstallJoywire</li>
        <li>InstallPainstopper</li>
        <li>InstallNaturalHeart</li>
        <li>InstallNaturalLung</li>
        <li>InstallNaturalKidney</li>
        <li>InstallNaturalLiver</li>
        <li>ExciseCarcinoma</li>
        <li>AdministerMechSerumHealer</li>
        <li>RemoveBodyPart</li>
        <li>Euthanize</li>
        <li>Anesthetize</li>
      </recipes>
    </AlienRace.ThingDef_AlienRace>
  
</Defs>