<?xml version="1.0" encoding="utf-8" ?>
<Defs>

  <CultureDef>
    <defName>KTFimirCulture</defName>
    <label>Fimir</label>
    <description>A collective culture of the Fimir.</description>
    <pawnNameMaker>NamerFimir</pawnNameMaker>
    <iconPath>World/WorldObjects/Expanding/Village</iconPath>
    <iconColor>(0.8, 0.8, 0.8)</iconColor>
    <ideoNameMaker MayRequire="Ludeon.RimWorld.Ideology">NamerIdeoCorunan</ideoNameMaker>
    <deityNameMaker MayRequire="Ludeon.RimWorld.Ideology">NamerDeityKTFimir</deityNameMaker>
    <deityTypeMaker MayRequire="Ludeon.RimWorld.Ideology">DeityTypeMakerKTFimir</deityTypeMaker>
    <leaderTitleMaker MayRequire="Ludeon.RimWorld.Ideology">LeaderTitleMaker_Corunan</leaderTitleMaker>
    <festivalNameMaker MayRequire="Ludeon.RimWorld.Ideology">NamerFestivalCorunan</festivalNameMaker>
    <allowedPlaceTags>
      <li>OriginTribal</li>
    </allowedPlaceTags>
    <preferredWeaponClasses>
      <noble>Neolithic</noble>
      <despised>Ultratech</despised>
    </preferredWeaponClasses>
        <thingStyleCategories>
      <li MayRequire="Ludeon.RimWorld.Ideology">
        <category>Totemic</category>
        <priority>2</priority>
      </li>
    </thingStyleCategories>
    <styleItemTags>
      <li>
        <tag>Tribal</tag>
        <baseWeight>1</baseWeight>
        <weightFactor>1</weightFactor>
      </li>
      <li>
        <tag>NoBeard</tag>
        <baseWeight>10</baseWeight>
        <weightFactor>1</weightFactor>
      </li>
      <li>
        <tag>BeardTribal</tag>
        <baseWeight>0.3</baseWeight>
        <weightFactor>1</weightFactor>
      </li>
      <li>
        <tag>TattooFaceTribal</tag>
        <baseWeight>0.4</baseWeight>
        <weightFactor>1</weightFactor>
      </li>
      <li>
        <tag>TattooBodyTribal</tag>
        <baseWeight>0.4</baseWeight>
        <weightFactor>1</weightFactor>
      </li>
      <li>
        <tag>NoTattoo</tag>
        <baseWeight>1</baseWeight>
        <weightFactor>1</weightFactor>
      </li>
    </styleItemTags>
  </CultureDef>

</Defs>
