<?xml version="1.0" encoding="utf-8" ?>
<Defs>

  <ManeuverDef>
    <defName>FimirWitherTouchMan</defName>
    <requiredCapacity>FimirWitherTouch</requiredCapacity>
    <verb>
      <verbClass>Verb_MeleeAttackDamage</verbClass>
      <meleeDamageDef>FimirWitherTouch</meleeDamageDef>
    </verb>
    <logEntryDef>MeleeAttack</logEntryDef>
    <combatLogRulesHit>Maneuver_Smash_MeleeHit</combatLogRulesHit>
    <combatLogRulesDeflect>Maneuver_Smash_MeleeDeflect</combatLogRulesDeflect>
    <combatLogRulesMiss>Maneuver_Smash_MeleeMiss</combatLogRulesMiss>
    <combatLogRulesDodge>Maneuver_Smash_MeleeDodge</combatLogRulesDodge>
  </ManeuverDef>

  <ManeuverDef>
    <defName>FimirWitherBluntMan</defName>
    <requiredCapacity>FimirWitherBlunt</requiredCapacity>
    <verb>
      <verbClass>Verb_MeleeAttackDamage</verbClass>
      <meleeDamageDef>FimirWitherBlunt</meleeDamageDef>
    </verb>
    <logEntryDef>MeleeAttack</logEntryDef>
    <combatLogRulesHit>Maneuver_Smash_MeleeHit</combatLogRulesHit>
    <combatLogRulesDeflect>Maneuver_Smash_MeleeDeflect</combatLogRulesDeflect>
    <combatLogRulesMiss>Maneuver_Smash_MeleeMiss</combatLogRulesMiss>
    <combatLogRulesDodge>Maneuver_Smash_MeleeDodge</combatLogRulesDodge>
  </ManeuverDef>
  
</Defs>
