<?xml version="1.0" encoding="utf-8" ?>
<Defs>

  <ThingDef Name="ApparelMakeableBaseFimir" ParentName="ApparelBase" Abstract="True">
    <recipeMaker>
      <workSpeedStat>GeneralLaborSpeed</workSpeedStat>
      <workSkill>Crafting</workSkill>
      <effectWorking>Tailor</effectWorking>
      <soundWorking>Recipe_Tailor</soundWorking>
      <unfinishedThingDef>UnfinishedApparel</unfinishedThingDef>
      <defaultIngredientFilter>
        <categories>
          <li>Root</li>
        </categories>
        <disallowedThingDefs>
          <li>Gold</li>
          <li>Silver</li>
          <li>Plasteel</li>
          <li>Jade</li>
          <li>Uranium</li>
        </disallowedThingDefs>
      </defaultIngredientFilter>
    </recipeMaker>
  </ThingDef>
  
  <ThingDef Name="FimirHatMakeableBase" ParentName="ApparelMakeableBase" Abstract="True">
    <thingCategories>
      <li>Headgear</li>
    </thingCategories>
  </ThingDef>
  
  <ThingDef ParentName="ApparelMakeableBaseFimir">
    <defName>FimirBasicCloak</defName>
    <label>fimir cloak</label>
    <description>Simple stitched cloak. Helps with insulating and gives a small amount of protection.</description>
    <graphicData>
      <texPath>Things/Apparel/FimirCloak/Cloak</texPath>
      <graphicClass>Graphic_Single</graphicClass>
    </graphicData>
    <techLevel>Neolithic</techLevel>
    <costStuffCount>75</costStuffCount>
    <stuffCategories>
      <li>Fabric</li>
      <li>Leathery</li>
    </stuffCategories>
    <tradeability>Sellable</tradeability>
    <statBases>
      <MaxHitPoints>100</MaxHitPoints>
      <WorkToMake>5000</WorkToMake>
      <Mass>1</Mass>
      <StuffEffectMultiplierArmor>0.2</StuffEffectMultiplierArmor>
      <StuffEffectMultiplierInsulation_Cold>0.65</StuffEffectMultiplierInsulation_Cold>
      <StuffEffectMultiplierInsulation_Heat>0.6</StuffEffectMultiplierInsulation_Heat>
      <EquipDelay>1.5</EquipDelay>
    </statBases>
    <thingCategories>
      <li>Apparel</li>
    </thingCategories>
    <apparel>
    <countsAsClothingForNudity>false</countsAsClothingForNudity>
      <bodyPartGroups>
        <li>Neck</li>
        <li>Shoulders</li>
        <li>Arms</li>
      </bodyPartGroups>
      <wornGraphicPath>Things/Apparel/FimirCloak/Cloak</wornGraphicPath>
      <layers>
        <li>Shell</li>
      </layers>
      <tags>
        <li>ShearlMid</li>
        <li>FimmLow</li>
        <li>DirachMid</li>
        <li>MearghMid</li>
        <li>MearghHigh</li>
      </tags>
      <defaultOutfitTags>
        <li>Fimir</li>
      </defaultOutfitTags>
    </apparel>
    <recipeMaker>
      <recipeUsers>
        <li>CraftingSpot</li>
      </recipeUsers>
    </recipeMaker>
    <colorGenerator Class="ColorGenerator_Options">
      <options>
        <li>
          <weight>10</weight>
          <only>(0.4,0.3,0.15)</only>
        </li>
        <li>
          <weight>15</weight>
          <only>(0.6,0.45,0.18)</only>
        </li>
        <li>
          <weight>20</weight>
          <only>(0.8,0.6,0.23)</only>
        </li>
      </options>
    </colorGenerator>
  </ThingDef>

  <ThingDef ParentName="ApparelMakeableBaseFimir">
    <defName>FimirBasicGarment</defName>
    <label>fimir garment</label>
    <description>Simple garment yet beautifully crafted. Durable, tough and warm.</description>
    <graphicData>
      <texPath>Things/Apparel/FimirGarment/Garment</texPath>
      <graphicClass>Graphic_Single</graphicClass>
    </graphicData>
    <techLevel>Neolithic</techLevel>
    <costStuffCount>100</costStuffCount>
    <stuffCategories>
      <li>Fabric</li>
      <li>Leathery</li>
    </stuffCategories>
    <tradeability>Sellable</tradeability>
    <statBases>
      <MaxHitPoints>200</MaxHitPoints>
      <WorkToMake>10000</WorkToMake>
      <Mass>1</Mass>
      <StuffEffectMultiplierArmor>0.42</StuffEffectMultiplierArmor>
      <StuffEffectMultiplierInsulation_Cold>0.7</StuffEffectMultiplierInsulation_Cold>
      <StuffEffectMultiplierInsulation_Heat>0.4</StuffEffectMultiplierInsulation_Heat>
      <EquipDelay>1.5</EquipDelay>
    </statBases>
    <thingCategories>
      <li>Apparel</li>
    </thingCategories>
    <apparel>
      <bodyPartGroups>
        <li>Torso</li>
        <li>Legs</li>
      </bodyPartGroups>
      <wornGraphicPath>Things/Apparel/FimirGarment/Garment</wornGraphicPath>
      <layers>
        <li>OnSkin</li>
      </layers>
      <tags>
        <li>FimmLow</li>
        <li>FimmMid</li>
        <li>DirachMid</li>
        <li>MearghMid</li>
        <li>MearghHigh</li>
      </tags>
      <defaultOutfitTags>
        <li>Fimir</li>
      </defaultOutfitTags>
    </apparel>
    <recipeMaker>
      <recipeUsers>
        <li>CraftingSpot</li>
      </recipeUsers>
    </recipeMaker>
    <colorGenerator Class="ColorGenerator_Options">
      <options>
        <li>
          <weight>10</weight>
          <only>(0.4,0.3,0.15)</only>
        </li>
        <li>
          <weight>15</weight>
          <only>(0.6,0.45,0.18)</only>
        </li>
        <li>
          <weight>20</weight>
          <only>(0.8,0.6,0.23)</only>
        </li>
      </options>
    </colorGenerator>
  </ThingDef>

  <ThingDef ParentName="ArmorSmithableBase">
    <defName>Apparel_FimirLightPlate</defName>
    <label>fimir light plate</label>
    <description>Plate discs linked togther with chains to be strapped over the body.</description>
    <recipeMaker>
      <unfinishedThingDef>UnfinishedMetallicTechArmor</unfinishedThingDef>
      <researchPrerequisite>FimirLightArmour</researchPrerequisite>
      <skillRequirements>
        <Crafting>4</Crafting>
      </skillRequirements>
    </recipeMaker>
    <graphicData>
      <texPath>Things/Apparel/FimirLightPlate/LightPlate</texPath>
      <graphicClass>Graphic_Single</graphicClass>
      <drawSize>0.85</drawSize>
    </graphicData>
    <costStuffCount>80</costStuffCount>
    <stuffCategories>
      <li>Metallic</li>
    </stuffCategories>
    <thingCategories>
      <li>Apparel</li>
    </thingCategories>
    <statBases>
      <MaxHitPoints>200</MaxHitPoints>
      <WorkToMake>28000</WorkToMake>
      <Mass>8</Mass>
      <StuffEffectMultiplierArmor>0.5</StuffEffectMultiplierArmor>
      <StuffEffectMultiplierInsulation_Cold>0.1</StuffEffectMultiplierInsulation_Cold>
      <StuffEffectMultiplierInsulation_Heat>0</StuffEffectMultiplierInsulation_Heat>
      <EquipDelay>8</EquipDelay>
    </statBases>
    <apparel>
    <countsAsClothingForNudity>true</countsAsClothingForNudity>
      <bodyPartGroups>
        <li>Torso</li>
        <li>Neck</li>
        <li>Shoulders</li>
        <li>Arms</li>
        <li>Legs</li>
      </bodyPartGroups>
      <wornGraphicPath>Things/Apparel/FimirLightPlate/LightPlate</wornGraphicPath>
      <layers>
        <li>Middle</li>
      </layers>
      <tags>
        <li>FimmLow</li>
        <li>MearghHigh</li>
      </tags>
      <defaultOutfitTags>
        <li>Fimir</li>
      </defaultOutfitTags>
    </apparel>
    <colorGenerator Class="ColorGenerator_Options">
      <options>
        <li>
          <weight>10</weight>
          <only>(0.33,0.33,0.33)</only>
        </li>
        <li>
          <weight>10</weight>
          <only>(0.65,0.65,0.65)</only>
        </li>
        <li>
          <weight>6</weight>
          <min>(0.3,0.3,0.3)</min>
          <max>(0.5,0.5,0.5)</max>
        </li>
      </options>
    </colorGenerator>
  </ThingDef>

  <ThingDef ParentName="ArmorSmithableBase">
    <defName>Apparel_FimirMediumPlate</defName>
    <label>fimir plate</label>
    <description>Layered platings to be strapped over the body. It coveres most of the body but doesn't restrict movement.</description>
    <recipeMaker>
      <unfinishedThingDef>UnfinishedMetallicTechArmor</unfinishedThingDef>
      <researchPrerequisite>FimirMediumArmour</researchPrerequisite>
      <skillRequirements>
        <Crafting>6</Crafting>
      </skillRequirements>
    </recipeMaker>
    <graphicData>
      <texPath>Things/Apparel/FimirMediumPlate/MediumPlate</texPath>
      <graphicClass>Graphic_Single</graphicClass>
      <drawSize>0.85</drawSize>
    </graphicData>
    <costStuffCount>120</costStuffCount>
    <stuffCategories>
      <li>Metallic</li>
    </stuffCategories>
    <thingCategories>
      <li>Apparel</li>
    </thingCategories>
    <statBases>
      <MaxHitPoints>250</MaxHitPoints>
      <WorkToMake>38000</WorkToMake>
      <Mass>12</Mass>
      <StuffEffectMultiplierArmor>0.70</StuffEffectMultiplierArmor>
      <StuffEffectMultiplierInsulation_Cold>0.5</StuffEffectMultiplierInsulation_Cold>
      <StuffEffectMultiplierInsulation_Heat>0</StuffEffectMultiplierInsulation_Heat>
      <EquipDelay>8</EquipDelay>
    </statBases>
    <apparel>
      <bodyPartGroups>
        <li>Torso</li>
        <li>Neck</li>
        <li>Shoulders</li>
        <li>Arms</li>
        <li>Legs</li>
      </bodyPartGroups>
      <wornGraphicPath>Things/Apparel/FimirMediumPlate/MediumPlate</wornGraphicPath>
      <layers>
        <li>Middle</li>
        <li>Shell</li>
      </layers>
      <tags>
        <li>FimmMid</li>
      </tags>
      <defaultOutfitTags>
        <li>Fimir</li>
      </defaultOutfitTags>
    </apparel>
    <colorGenerator Class="ColorGenerator_Options">
      <options>
        <li>
          <weight>10</weight>
          <only>(0.33,0.33,0.33)</only>
        </li>
        <li>
          <weight>10</weight>
          <only>(0.65,0.65,0.65)</only>
        </li>
        <li>
          <weight>6</weight>
          <min>(0.3,0.3,0.3)</min>
          <max>(0.5,0.5,0.5)</max>
        </li>
      </options>
    </colorGenerator>
  </ThingDef>

  <ThingDef ParentName="ArmorSmithableBase">
    <defName>Apparel_FimirHeavyPlate</defName>
    <label>fimir heavy plate</label>
    <description>A fully covered plate armour, constructed with many layers of plates and with a well insulated inside. Restricts movement.</description>
    <recipeMaker>
      <unfinishedThingDef>UnfinishedMetallicTechArmor</unfinishedThingDef>
      <researchPrerequisite>FimirHeavyArmour</researchPrerequisite>
      <skillRequirements>
        <Crafting>8</Crafting>
      </skillRequirements>
    </recipeMaker>
    <graphicData>
      <texPath>Things/Apparel/FimirHeavyPlate/HeavyPlate</texPath>
      <graphicClass>Graphic_Single</graphicClass>
      <drawSize>0.85</drawSize>
    </graphicData>
    <costStuffCount>180</costStuffCount>
    <stuffCategories>
      <li>Metallic</li>
    </stuffCategories>
    <thingCategories>
      <li>Apparel</li>
    </thingCategories>
    <statBases>
      <MaxHitPoints>300</MaxHitPoints>
      <WorkToMake>40000</WorkToMake>
      <Mass>18</Mass>
      <StuffEffectMultiplierArmor>0.90</StuffEffectMultiplierArmor>
      <StuffEffectMultiplierInsulation_Cold>1.0</StuffEffectMultiplierInsulation_Cold>
      <StuffEffectMultiplierInsulation_Heat>0.2</StuffEffectMultiplierInsulation_Heat>
      <EquipDelay>15</EquipDelay>
    </statBases>
    <equippedStatOffsets>
      <MoveSpeed>-0.8</MoveSpeed>
    </equippedStatOffsets>
    <apparel>
      <bodyPartGroups>
        <li>Torso</li>
        <li>Neck</li>
        <li>Shoulders</li>
        <li>Arms</li>
        <li>Legs</li>
      </bodyPartGroups>
      <wornGraphicPath>Things/Apparel/FimirHeavyPlate/HeavyPlate</wornGraphicPath>
      <layers>
        <li>Middle</li>
        <li>Shell</li>
      </layers>
      <tags>
        <li>FimmHigh</li>
      </tags>
      <defaultOutfitTags>
        <li>Fimir</li>
      </defaultOutfitTags>
    </apparel>
    <colorGenerator Class="ColorGenerator_Options">
      <options>
        <li>
          <weight>10</weight>
          <only>(0.33,0.33,0.33)</only>
        </li>
        <li>
          <weight>10</weight>
          <only>(0.65,0.65,0.65)</only>
        </li>
        <li>
          <weight>6</weight>
          <min>(0.3,0.3,0.3)</min>
          <max>(0.5,0.5,0.5)</max>
        </li>
      </options>
    </colorGenerator>
  </ThingDef>
  
  <ThingDef ParentName="FimirHatMakeableBase">
    <defName>Apparel_FimirLightHelmet</defName>
    <label>fimir helmet</label>
    <description>A large helmet with an elongated shape, which gives moderate protection (Shearl, Fimm, Dirach and Meargh restricted).</description>
    <techLevel>Medieval</techLevel>
    <graphicData>
      <texPath>Things/Apparel/FimirLightHelm/LightHelm</texPath>
      <graphicClass>Graphic_Single</graphicClass>
    </graphicData>
    <stuffCategories>
      <li>Metallic</li>
    </stuffCategories>
    <costStuffCount>50</costStuffCount>
    <statBases>
      <WorkToMake>3200</WorkToMake>
      <MaxHitPoints>100</MaxHitPoints>
      <Mass>3</Mass>
      <StuffEffectMultiplierArmor>0.5</StuffEffectMultiplierArmor>
      <StuffEffectMultiplierInsulation_Cold>0.15</StuffEffectMultiplierInsulation_Cold>
      <StuffEffectMultiplierInsulation_Heat>0</StuffEffectMultiplierInsulation_Heat>
      <EquipDelay>2.5</EquipDelay>
    </statBases>
    <recipeMaker>
      <researchPrerequisite>FimirMediumArmour</researchPrerequisite>
      <recipeUsers>
        <li>ElectricSmithy</li>
        <li>FueledSmithy</li>
      </recipeUsers>
      <skillRequirements>
        <Crafting>5</Crafting>
      </skillRequirements>
    </recipeMaker>
    <apparel>
    <countsAsClothingForNudity>false</countsAsClothingForNudity>
      <bodyPartGroups>
        <li>UpperHead</li>
      </bodyPartGroups>
      <wornGraphicPath>Things/Apparel/FimirLightHelm/LightHelm</wornGraphicPath>
      <layers>
        <li>Overhead</li>
      </layers>
      <tags>
        <li>FimirMid</li>
        <li>FimirHigh</li>
        <li>MearghHigh</li>
      </tags>
      <defaultOutfitTags>
        <li>Fimir</li>
      </defaultOutfitTags>
    </apparel>
  </ThingDef>

</Defs>
