﻿<?xml version="1.0" encoding="utf-8" ?>
<Defs>

  <ThingDef ParentName="BuildingBase">
    <defName>Turret_FimirSmallTotem</defName>
    <label>fimir totem</label>
    <description>A vile totem of Fimir origin. Crafted by the mearghs and their dirachs to watch over the hold. This totem will launch blast of wither to bring down your foes.</description>
    <thingClass>Building_TurretGun</thingClass>
    <drawerType>MapMeshAndRealTime</drawerType>
    <graphicData>
      <texPath>Things/FimirBuildings/FimirSmallTotem/FimirSmallTotem</texPath>
      <graphicClass>Graphic_Single</graphicClass>
      <shaderType>CutoutComplex</shaderType>
      <drawRotated>false</drawRotated>
      <drawSize>(2,2)</drawSize>
      <allowFlip>true</allowFlip>
      <damageData>
        <rect>(0.2,0.2,0.6,0.6)</rect>
      </damageData>
    </graphicData>
    <uiIconPath>Things/FimirBuildings/FimirSmallTotem/FimirSmallTotem</uiIconPath>
    <uiIconScale>0.90</uiIconScale>
    <minifiedDef>MinifiedThing</minifiedDef>
    <altitudeLayer>Building</altitudeLayer>
    <stealable>false</stealable>
    <rotatable>true</rotatable>
    <thingCategories>
      <li>BuildingsSecurity</li>
    </thingCategories>
    <statBases>
      <MaxHitPoints>250</MaxHitPoints>
      <Flammability>0.2</Flammability>
      <WorkToBuild>9000</WorkToBuild>
      <Mass>10</Mass>
      <Beauty>25</Beauty>
      <ShootingAccuracyTurret>0.96</ShootingAccuracyTurret>
    </statBases>
    <tickerType>Normal</tickerType>
    <comps>
      <li Class="CompProperties_Forbiddable"/>
      <li Class="CompProperties_Breakdownable"/>
      <li Class="CompProperties_Refuelable">
        <fuelLabel>Shots until empty</fuelLabel>
        <fuelGizmoLabel>Vile power</fuelGizmoLabel>
        <fuelFilter>
          <thingDefs>
            <li>Jade</li>
          </thingDefs>
        </fuelFilter>
        <fuelCapacity>20</fuelCapacity>
        <initialFuelPercent>1</initialFuelPercent>
        <autoRefuelPercent>0.5</autoRefuelPercent>
        <showFuelGizmo>true</showFuelGizmo>
        <minimumFueledThreshold>1</minimumFueledThreshold>
        <fuelMultiplier>10</fuelMultiplier>
        <factorByDifficulty>false</factorByDifficulty>
        <consumeFuelOnlyWhenUsed>true</consumeFuelOnlyWhenUsed>
        <outOfFuelMessage>Cannot fire: Needs to recharge</outOfFuelMessage>
        <fuelIconPath>UI/Overlays/Barrel</fuelIconPath>
      </li>
    </comps>
    <passability>PassThroughOnly</passability>
    <pathCost>25</pathCost>
    <fillPercent>0.3</fillPercent>
    <hasTooltip>true</hasTooltip>
    <stuffCategories>
      <li>Stony</li>
    </stuffCategories>
    <costStuffCount>75</costStuffCount>
    <costList>
      <Jade>50</Jade>
    </costList>
    <terrainAffordanceNeeded>Light</terrainAffordanceNeeded>
    <designationCategory>Security</designationCategory>
    <specialDisplayRadius>29.9</specialDisplayRadius>
    <constructionSkillPrerequisite>0</constructionSkillPrerequisite>
    <building>
      <combatPower>45</combatPower>
      <ai_combatDangerous>true</ai_combatDangerous>
      <turretGunDef>Gun_FimirSmallTotemTip</turretGunDef>
      <turretBurstCooldownTime>8</turretBurstCooldownTime>
    </building>
    <placeWorkers>
      <li>PlaceWorker_TurretTop</li>
      <li>PlaceWorker_ShowTurretRadius</li>
    </placeWorkers>
    <designationHotKey>Misc2</designationHotKey>
    <researchPrerequisites>
      <li>FimirMearghTotem</li>
    </researchPrerequisites>
  </ThingDef>

  <ThingDef ParentName="BaseBullet">
    <defName>Bullet_FimirWitheringSmallTotem</defName>
    <label>withering blast</label>
    <graphicData>
      <texPath>Things/Projectile/WitheringShot</texPath>
      <graphicClass>Graphic_Single</graphicClass>
    </graphicData>
    <thingClass>Projectile_Explosive</thingClass>
    <projectile>
      <damageDef>FimirWitherShotVile</damageDef>
      <damageAmountBase>10</damageAmountBase>
      <explosionRadius>1.9</explosionRadius>
      <speed>20</speed>
    </projectile>
  </ThingDef>

  <ThingDef ParentName="BaseWeaponTurret">
    <defName>Gun_FimirSmallTotemTip</defName>
    <label>withering blast</label>
    <description>Vile power swirling around.</description>
    <graphicData>
      <texPath>Things/FimirBuildings/FimirSmallTotem/FimirSmallTotemTip</texPath>
      <graphicClass>Graphic_Single</graphicClass>
    </graphicData>
    <soundInteract>Interact_Rifle</soundInteract>
    <destroyOnDrop>true</destroyOnDrop>
    <tradeability>None</tradeability>
    <useHitPoints>false</useHitPoints>
    <statBases>
      <AccuracyTouch>0.70</AccuracyTouch>
      <AccuracyShort>0.64</AccuracyShort>
      <AccuracyMedium>0.41</AccuracyMedium>
      <AccuracyLong>0.22</AccuracyLong>
      <RangedWeapon_Cooldown>8</RangedWeapon_Cooldown>
      <DeteriorationRate>0</DeteriorationRate>
      <Mass>5</Mass>
      <Flammability>0</Flammability>
    </statBases>
    <verbs>
      <li>
        <verbClass>Verb_Shoot</verbClass>
        <hasStandardCommand>true</hasStandardCommand>
        <defaultProjectile>Bullet_FimirWitheringSmallTotem</defaultProjectile>
        <warmupTime>2</warmupTime>
        <range>29.9</range>
        <ticksBetweenBurstShots>0</ticksBetweenBurstShots>
        <burstShotCount>1</burstShotCount>
        <soundCast>Shot_IncendiaryLauncher</soundCast>
        <soundCastTail>GunTail_Medium</soundCastTail>
        <muzzleFlashScale>9</muzzleFlashScale>
        <consumeFuelPerShot>1</consumeFuelPerShot>
        <forcedMissRadius>0.1</forcedMissRadius>
      </li>
    </verbs>
  </ThingDef>
  
</Defs>
