﻿<?xml version="1.0" encoding="utf-8" ?>
<Defs>

  <RecipeDef>
    <defName>Make_FimirSalve</defName>
    <label>make fimir salve out of liver</label>
    <description>Make a batch of salve out of a liver.</description>
    <jobString>Mashing liver.</jobString>
    <effectWorking>ButcherFlesh</effectWorking>
    <soundWorking>Recipe_ButcherCorpseFlesh</soundWorking>
    <workAmount>6000</workAmount>
    <skillRequirements>
      <Intellectual>4</Intellectual>
    </skillRequirements>
    <researchPrerequisite>FimirSalveMed</researchPrerequisite>
    <workSpeedStat>GeneralLaborSpeed</workSpeedStat>
    <ingredients>
      <li>
        <filter>
          <thingDefs>
            <li>Liver</li>
          </thingDefs>
        </filter>
        <count>1</count>
      </li>
    </ingredients>
    <fixedIngredientFilter>
      <thingDefs>
        <li>Liver</li>
      </thingDefs>
    </fixedIngredientFilter>
    <products>
      <FimirMedicineSalve>5</FimirMedicineSalve>
    </products>
  </RecipeDef>

  <RecipeDef>
    <defName>Make_FimirPotionRest</defName>
    <label>brew a restorative potion</label>
    <description>Brew a restorative potion out of a liver.</description>
    <jobString>Brewing liver.</jobString>
    <effectWorking>Cook</effectWorking>
    <soundWorking>Recipe_CookMeal</soundWorking>
    <workAmount>6000</workAmount>
    <skillRequirements>
      <Intellectual>6</Intellectual>
    </skillRequirements>
    <researchPrerequisite>FimirBrewingRest</researchPrerequisite>
    <workSpeedStat>GeneralLaborSpeed</workSpeedStat>
    <ingredients>
      <li>
        <filter>
          <thingDefs>
            <li>Liver</li>
          </thingDefs>
        </filter>
        <count>1</count>
      </li>
    </ingredients>
    <fixedIngredientFilter>
      <thingDefs>
        <li>Liver</li>
      </thingDefs>
    </fixedIngredientFilter>
    <products>
      <FimirPotionRest>1</FimirPotionRest>
    </products>
  </RecipeDef>

  <RecipeDef>
    <defName>Make_FimirPotionCrippling</defName>
    <label>brew a crippling potion</label>
    <description>Brew a crippling potion out of a kidney.</description>
    <jobString>Brewing kidney.</jobString>
    <effectWorking>Cook</effectWorking>
    <soundWorking>Recipe_CookMeal</soundWorking>
    <workAmount>6000</workAmount>
    <skillRequirements>
      <Intellectual>6</Intellectual>
    </skillRequirements>
    <researchPrerequisite>FimirBrewingCripple</researchPrerequisite>
    <workSpeedStat>GeneralLaborSpeed</workSpeedStat>
    <ingredients>
      <li>
        <filter>
          <thingDefs>
            <li>Kidney</li>
          </thingDefs>
        </filter>
        <count>1</count>
      </li>
    </ingredients>
    <fixedIngredientFilter>
      <thingDefs>
        <li>Kidney</li>
      </thingDefs>
    </fixedIngredientFilter>
    <products>
      <FimirPotionCrippling>1</FimirPotionCrippling>
    </products>
  </RecipeDef>

  <!--===================

  <RecipeDef>
    <defName>Make_FimirPotionCure</defName>
    <label>brew a curing potion</label>
    <description>Brew a curing potion out of a heart.</description>
    <jobString>Brewing heart.</jobString>
    <effectWorking>Cook</effectWorking>
    <soundWorking>Recipe_CookMeal</soundWorking>
    <workAmount>6000</workAmount>
    <workSpeedStat>UnskilledLaborSpeed</workSpeedStat>
    <ingredients>
      <li>
        <filter>
          <thingDefs>
            <li>Heart</li>
          </thingDefs>
        </filter>
        <count>1</count>
      </li>
    </ingredients>
    <fixedIngredientFilter>
      <thingDefs>
        <li>Heart</li>
      </thingDefs>
    </fixedIngredientFilter>
    <products>
      <FimirPotionCure>1</FimirPotionCure>
    </products>
  </RecipeDef>
  
  <RecipeDef>
    <defName>Make_FimirPotionBloodlust</defName>
    <label>brew a bloodlust potion</label>
    <description>Brew a bloodlust potion out of a heart.</description>
    <jobString>Brewing heart.</jobString>
    <effectWorking>Cook</effectWorking>
    <soundWorking>Recipe_CookMeal</soundWorking>
    <workAmount>6000</workAmount>
    <workSpeedStat>UnskilledLaborSpeed</workSpeedStat>
    <ingredients>
      <li>
        <filter>
          <thingDefs>
            <li>Heart</li>
          </thingDefs>
        </filter>
        <count>1</count>
      </li>
    </ingredients>
    <fixedIngredientFilter>
      <thingDefs>
        <li>Heart</li>
      </thingDefs>
    </fixedIngredientFilter>
    <products>
      <FimirPotionBloodlust>1</FimirPotionBloodlust>
    </products>
  </RecipeDef>
  
   ===================-->

  <RecipeDef>
    <defName>MakeBatch_FimirPotionRest</defName>
    <label>brew batch of restorative potion</label>
    <description>Brew three restorative potion out of a liver.</description>
    <jobString>Brewing liver.</jobString>
    <effectWorking>Cook</effectWorking>
    <soundWorking>Recipe_CookMeal</soundWorking>
    <workAmount>10000</workAmount>
    <skillRequirements>
      <Intellectual>6</Intellectual>
    </skillRequirements>
    <researchPrerequisite>FimirAdvancedBrewing</researchPrerequisite>
    <workSpeedStat>GeneralLaborSpeed</workSpeedStat>
    <ingredients>
      <li>
        <filter>
          <thingDefs>
            <li>Liver</li>
          </thingDefs>
        </filter>
        <count>1</count>
      </li>
    </ingredients>
    <fixedIngredientFilter>
      <thingDefs>
        <li>Liver</li>
      </thingDefs>
    </fixedIngredientFilter>
    <products>
      <FimirPotionRest>3</FimirPotionRest>
    </products>
  </RecipeDef>

  <RecipeDef>
    <defName>MakeBatch_FimirPotionCrippling</defName>
    <label>brew batch crippling potion</label>
    <description>Brew three crippling potion out of a kidney.</description>
    <jobString>Brewing kidney.</jobString>
    <effectWorking>Cook</effectWorking>
    <soundWorking>Recipe_CookMeal</soundWorking>
    <workAmount>10000</workAmount>
    <skillRequirements>
      <Intellectual>6</Intellectual>
    </skillRequirements>
    <researchPrerequisite>FimirAdvancedBrewing</researchPrerequisite>
    <workSpeedStat>GeneralLaborSpeed</workSpeedStat>
    <ingredients>
      <li>
        <filter>
          <thingDefs>
            <li>Kidney</li>
          </thingDefs>
        </filter>
        <count>1</count>
      </li>
    </ingredients>
    <fixedIngredientFilter>
      <thingDefs>
        <li>Kidney</li>
      </thingDefs>
    </fixedIngredientFilter>
    <products>
      <FimirPotionCrippling>3</FimirPotionCrippling>
    </products>
  </RecipeDef>

  <!--===================
  
  <RecipeDef>
    <defName>MakeBatch_FimirPotionBloodlust</defName>
    <label>brew batch of bloodlust potion</label>
    <description>Brew three bloodlust potion out of a heart.</description>
    <jobString>Brewing heart.</jobString>
    <effectWorking>Cook</effectWorking>
    <soundWorking>Recipe_CookMeal</soundWorking>
    <workAmount>10000</workAmount>
    <workSpeedStat>UnskilledLaborSpeed</workSpeedStat>
    <ingredients>
      <li>
        <filter>
          <thingDefs>
            <li>Heart</li>
          </thingDefs>
        </filter>
        <count>1</count>
      </li>
    </ingredients>
    <fixedIngredientFilter>
      <thingDefs>
        <li>Heart</li>
      </thingDefs>
    </fixedIngredientFilter>
    <products>
      <FimirPotionBloodlust>3</FimirPotionBloodlust>
    </products>
  </RecipeDef>
  
   ===================-->
  
</Defs>
