﻿<?xml version="1.0" encoding="utf-8" ?>
<Defs>

	<RecipeDef ParentName="CookMealBase">
    <defName>CookFimirStewSimple</defName>
    <label>cook fimir stew</label>
    <description>Cook a batch of stew.</description>
    <jobString>Cooking stew.</jobString>
    <workSpeedStat>CookSpeed</workSpeedStat>
    <requiredGiverWorkType>Cooking</requiredGiverWorkType>
    <effectWorking>Cook</effectWorking>
    <soundWorking>Recipe_CookMeal</soundWorking>
    <allowMixingIngredients>true</allowMixingIngredients>
    <ingredientValueGetterClass>IngredientValueGetter_Nutrition</ingredientValueGetterClass>
    <ingredients>
      <li>
        <filter>
          <categories>
            <li>FoodRaw</li>
          </categories>
        </filter>
        <count>1.5</count>
      </li>
    </ingredients>
		<products>
      <FimirStewSimple>5</FimirStewSimple>
		</products>
    <workSkill>Cooking</workSkill>
  </RecipeDef>

</Defs>
