<?xml version="1.0" encoding="utf-8" ?>
<Defs>

  <ThingDef ParentName="ResourceBase" Name="FimirEffigyBase" Abstract="True">
    <thingClass>ThingWithComps</thingClass>
    <resourceReadoutPriority>Middle</resourceReadoutPriority>
    <useHitPoints>true</useHitPoints>
    <statBases>
      <MaxHitPoints>80</MaxHitPoints>
      <Mass>0.2</Mass>
      <DeteriorationRate>2.0</DeteriorationRate>
      <Flammability>0.2</Flammability>
    </statBases>
    <thingCategories>
      <li>Items</li>
    </thingCategories>
    <techLevel>Medieval</techLevel>
    <tradeTags>
      <li>FimirExotic</li>
    </tradeTags>
  </ThingDef>

  <ThingDef ParentName="FimirEffigyBase">
    <defName>FimirEffigyHealer</defName>
    <label>effigy of health</label>
    <description>An effigy of Fimir origin: A heart for a cure, break the doll to carry away the ailment.</description>
    <graphicData>
      <texPath>Things/FimirItems/FimirEffigyDoll/FimirEffigyHealth</texPath>
      <graphicClass>Graphic_Single</graphicClass>
    </graphicData>
    <stackLimit>10</stackLimit>
    <statBases>
      <MarketValue>1700</MarketValue>
    </statBases>
    <costList>
      <WoodLog>25</WoodLog>
      <Heart>1</Heart>
      <Jade>75</Jade>
    </costList>
    <recipeMaker>
      <researchPrerequisite>FimirMearghEffigy</researchPrerequisite>
      <recipeUsers>
        <li>FimirWitherCraftingSpot</li>
      </recipeUsers>
      <workSpeedStat>GeneralLaborSpeed</workSpeedStat>
      <workSkill>Intellectual</workSkill>
      <skillRequirements>
        <Crafting>10</Crafting>
      </skillRequirements>
    </recipeMaker>
    <comps>
      <li Class="CompProperties_Usable">
        <useJob>UseItem</useJob>
        <useLabel>Break effigy</useLabel>
        <useDuration>600</useDuration>
      </li>
      <li Class="CompProperties_UseEffect">
        <compClass>CompUseEffect_FixWorstHealthCondition</compClass>
      </li>
      <li Class="CompProperties_UseEffect">
        <compClass>CompUseEffect_DestroySelf</compClass>
      </li>
    </comps>
  </ThingDef>

</Defs>
