﻿<?xml version="1.0" encoding="utf-8" ?>
<Defs>
  
  <ThingDef ParentName="MealCooked">
    <defName>FimirStewSimple</defName>
    <label>fimir stew</label>
    <description>A simple stew, the ingredients have been boiled to a point of mush. Give less nutrition than other meals but the cooking process leaves you with more.</description>
    <graphicData>
      <texPath>Things/FimirItems/FimirMeal/FimirStew</texPath>
      <graphicClass>Graphic_Single</graphicClass>
      <drawSize>0.75</drawSize>
    </graphicData>
    <statBases>
      <MarketValue>12</MarketValue>
      <WorkToMake>1500</WorkToMake>
      <Nutrition>0.8</Nutrition>
    </statBases>
    <rotatable>false</rotatable>
    <ingestible>
      <foodType>Meal</foodType>
      <preferability>MealSimple</preferability>
			<ingestEffect>EatVegetarian</ingestEffect>
      <ingestSound>Meal_Eat</ingestSound>
    </ingestible>
  </ThingDef>

</Defs>
