<?xml version="1.0" encoding="utf-8" ?>
<Defs>

  <RulePackDef>
    <defName>NamerFimir</defName>
    <rulePack>
      <rulesStrings>
        <li>name->[pack]</li>
      </rulesStrings>
      <rulesRaw>
        <li Class="Rule_File">
          <keyword>pack</keyword>
          <path>NameBanks/Names_Fimir</path>
        </li>
      </rulesRaw>
    </rulePack>
  </RulePackDef>
  
  <RulePackDef>
    <defName>NamerFimirMeargh</defName>
    <rulePack>
      <rulesStrings>
        <li>name->[pack]</li>
      </rulesStrings>
      <rulesRaw>
        <li Class="Rule_File">
          <keyword>pack</keyword>
          <path>NameBanks/Names_Meargh</path>
        </li>
      </rulesRaw>
    </rulePack>
  </RulePackDef>

  <RulePackDef>
    <defName>NamerFimirBase</defName>
    <rulePack>
      <rulesStrings>
        <li>name->[pack]</li>
      </rulesStrings>
      <rulesRaw>
        <li Class="Rule_File">
          <keyword>pack</keyword>
          <path>NameBanks/Names_FimirBase</path>
        </li>
      </rulesRaw>
    </rulePack>
  </RulePackDef>

</Defs>