<?xml version="1.0" encoding="utf-8"?>
  <ModMetaData>
	<name>Warhammer: Fimir</name>
	<author>Kompadt</author>
    <packageId>Kompadt.Warhammer.Fimir</packageId>
    <supportedVersions>
      <li>1.0</li>
      <li>1.1</li>
      <li>1.2</li>
      <li>1.3</li>
    </supportedVersions>
	<url></url>
	<description>

    Adds the Fimir of Warhammer.
    The bog fiends comes to Rimworld.
    The Cyclopean race has set up clanholds across the world. Though hostile they can reluctantly agree to trade or even offer their service to the few trusted.
    Their raids consists of ill equiped Shearl thralls, that will offer their lives as meat shields for their clans. Followed by the shearls the warrior caste fimms will charge in varying degree of armour from light to heavy, ending up with the fierce Nobles brandinshing their deadly sledge. Mixed in the group Dirachs can be seen brandishing vile weapons that will cripple and scar those who get caught in their blasts. Finally a few mearghs might join the fray, barraging from afar with defibrillating blasts.

    New race: Shearl, Fimm, Dirach, Meargh
    New factions: Fimir clan
    Faction weapon and apparel with some added buildings.
    Medicine, potions and cures.

    The Shearl - Crafters and meat shields.
    The Fimm - Sturdy fighter.
    The Dirach - Researcher and fierce foe.
    The Mearghs - Clever and deadly leader.

    Solo testing a mod is hard, so if there's anything concerning values or other parts feel free to leave feedback. Well, any feedback is appreciated.

  </description>
  <modDependencies>
   <li>
      <packageId>erdelf.HumanoidAlienRaces</packageId>
      <displayName>Humanoid Alien Races 2.0</displayName>
      <steamWorkshopUrl>https://steamcommunity.com/sharedfiles/filedetails/?id=839005762</steamWorkshopUrl>
   </li>
</modDependencies>
<loadBefore>
</loadBefore>
<loadAfter>
<li>erdelf.HumanoidAlienRaces</li>
</loadAfter>
  </ModMetaData>